{
"meta":{"test_sets":[],"test_metrics":[],"learn_metrics":[{"best_value":"Min","name":"RMSE"}],"launch_mode":"Train","parameters":"","iteration_count":1000,"learn_sets":["learn"],"name":"experiment"},
"iterations":[
{"learn":[14.59871775],"iteration":0,"passed_time":0.0459218542,"remaining_time":45.87593234},
{"learn":[14.22518863],"iteration":1,"passed_time":0.04610141608,"remaining_time":23.00460663},
{"learn":[13.8866124],"iteration":2,"passed_time":0.04641521768,"remaining_time":15.42532401},
{"learn":[13.52356875],"iteration":3,"passed_time":0.04685509322,"remaining_time":11.66691821},
{"learn":[13.18870211],"iteration":4,"passed_time":0.04713168636,"remaining_time":9.379205585},
{"learn":[12.9124226],"iteration":5,"passed_time":0.04744838061,"remaining_time":7.860615054},
{"learn":[12.60003351],"iteration":6,"passed_time":0.04770615952,"remaining_time":6.767459486},
{"learn":[12.32990573],"iteration":7,"passed_time":0.04791708781,"remaining_time":5.941718888},
{"learn":[12.0660619],"iteration":8,"passed_time":0.04811336455,"remaining_time":5.29781603},
{"learn":[11.77309809],"iteration":9,"passed_time":0.04830600011,"remaining_time":4.782294011},
{"learn":[11.49227636],"iteration":10,"passed_time":0.04851783318,"remaining_time":4.362194274},
{"learn":[11.26264833],"iteration":11,"passed_time":0.04872066045,"remaining_time":4.011334377},
{"learn":[11.04260393],"iteration":12,"passed_time":0.04894899204,"remaining_time":3.716358088},
{"learn":[10.79916926],"iteration":13,"passed_time":0.04913071273,"remaining_time":3.460205911},
{"learn":[10.5541002],"iteration":14,"passed_time":0.0493079442,"remaining_time":3.237888336},
{"learn":[10.31918115],"iteration":15,"passed_time":0.04948976772,"remaining_time":3.043620714},
{"learn":[10.10004441],"iteration":16,"passed_time":0.04967624004,"remaining_time":2.872455527},
{"learn":[9.894556723],"iteration":17,"passed_time":0.04985384344,"remaining_time":2.719804125},
{"learn":[9.690174082],"iteration":18,"passed_time":0.05002892946,"remaining_time":2.583072621},
{"learn":[9.506034866],"iteration":19,"passed_time":0.05021453573,"remaining_time":2.460512251},
{"learn":[9.338524633],"iteration":20,"passed_time":0.05037472247,"remaining_time":2.348421586},
{"learn":[9.170203312],"iteration":21,"passed_time":0.05054358984,"remaining_time":2.246892312},
{"learn":[9.010299969],"iteration":22,"passed_time":0.05071857837,"remaining_time":2.154437003},
{"learn":[8.843866678],"iteration":23,"passed_time":0.05093779732,"remaining_time":2.071470424},
{"learn":[8.690548059],"iteration":24,"passed_time":0.05113792057,"remaining_time":1.994378902},
{"learn":[8.555307687],"iteration":25,"passed_time":0.05136182304,"remaining_time":1.924092909},
{"learn":[8.413851302],"iteration":26,"passed_time":0.05156338628,"remaining_time":1.858191661},
{"learn":[8.29256019],"iteration":27,"passed_time":0.05179869375,"remaining_time":1.798154654},
{"learn":[8.162193833],"iteration":28,"passed_time":0.05201713611,"remaining_time":1.741677213},
{"learn":[8.040736294],"iteration":29,"passed_time":0.05222790848,"remaining_time":1.688702374},
{"learn":[7.921220278],"iteration":30,"passed_time":0.05241452704,"remaining_time":1.638376668},
{"learn":[7.809589039],"iteration":31,"passed_time":0.05260902058,"remaining_time":1.591422873},
{"learn":[7.699675801],"iteration":32,"passed_time":0.05283596728,"remaining_time":1.54825395},
{"learn":[7.60645267],"iteration":33,"passed_time":0.05308363627,"remaining_time":1.508199784},
{"learn":[7.498880302],"iteration":34,"passed_time":0.05329045396,"remaining_time":1.469293945},
{"learn":[7.401158744],"iteration":35,"passed_time":0.05347540984,"remaining_time":1.431952641},
{"learn":[7.306431077],"iteration":36,"passed_time":0.05372639784,"remaining_time":1.398338409},
{"learn":[7.223863468],"iteration":37,"passed_time":0.05395360128,"remaining_time":1.365878011},
{"learn":[7.143477682],"iteration":38,"passed_time":0.05416421239,"remaining_time":1.334661746},
{"learn":[7.062817131],"iteration":39,"passed_time":0.0543709673,"remaining_time":1.304903215},
{"learn":[6.990793435],"iteration":40,"passed_time":0.05457727316,"remaining_time":1.276575731},
{"learn":[6.931862224],"iteration":41,"passed_time":0.05477209223,"remaining_time":1.249325342},
{"learn":[6.858296558],"iteration":42,"passed_time":0.0550071503,"remaining_time":1.224228903},
{"learn":[6.786268161],"iteration":43,"passed_time":0.05525022023,"remaining_time":1.200436603},
{"learn":[6.717118549],"iteration":44,"passed_time":0.05546806764,"remaining_time":1.177155658},
{"learn":[6.652948106],"iteration":45,"passed_time":0.05567133428,"remaining_time":1.154575063},
{"learn":[6.589686076],"iteration":46,"passed_time":0.05587720778,"remaining_time":1.132999554},
{"learn":[6.531283097],"iteration":47,"passed_time":0.05609650685,"remaining_time":1.112580719},
{"learn":[6.471368031],"iteration":48,"passed_time":0.05629645483,"remaining_time":1.092610787},
{"learn":[6.416481395],"iteration":49,"passed_time":0.05653063782,"remaining_time":1.074082119},
{"learn":[6.369870822],"iteration":50,"passed_time":0.05674221515,"remaining_time":1.055850239},
{"learn":[6.325678067],"iteration":51,"passed_time":0.05694137186,"remaining_time":1.03808501},
{"learn":[6.275766122],"iteration":52,"passed_time":0.05714309836,"remaining_time":1.021028569},
{"learn":[6.224773967],"iteration":53,"passed_time":0.05732527778,"remaining_time":1.00425394},
{"learn":[6.182249254],"iteration":54,"passed_time":0.05751880411,"remaining_time":0.9882776342},
{"learn":[6.139904173],"iteration":55,"passed_time":0.05770299342,"remaining_time":0.9727076034},
{"learn":[6.100525536],"iteration":56,"passed_time":0.05789256806,"remaining_time":0.9577665208},
{"learn":[6.062568564],"iteration":57,"passed_time":0.05806938687,"remaining_time":0.9431269385},
{"learn":[6.030559288],"iteration":58,"passed_time":0.05826129059,"remaining_time":0.9292182109},
{"learn":[5.997931376],"iteration":59,"passed_time":0.05843806132,"remaining_time":0.9155296274},
{"learn":[5.964103835],"iteration":60,"passed_time":0.05861820881,"remaining_time":0.902336034},
{"learn":[5.933729724],"iteration":61,"passed_time":0.05880221918,"remaining_time":0.8896206708},
{"learn":[5.901932711],"iteration":62,"passed_time":0.05898516984,"remaining_time":0.8772873673},
{"learn":[5.873727795],"iteration":63,"passed_time":0.05915419011,"remaining_time":0.8651300304},
{"learn":[5.846485734],"iteration":64,"passed_time":0.05933687969,"remaining_time":0.8535381925},
{"learn":[5.820630862],"iteration":65,"passed_time":0.05949540844,"remaining_time":0.841950174},
{"learn":[5.793646238],"iteration":66,"passed_time":0.05966775673,"remaining_time":0.8308957766},
{"learn":[5.765388646],"iteration":67,"passed_time":0.05983337755,"remaining_time":0.8200692334},
{"learn":[5.747073912],"iteration":68,"passed_time":0.06001701398,"remaining_time":0.8097947828},
{"learn":[5.722315217],"iteration":69,"passed_time":0.06019575855,"remaining_time":0.7997436493},
{"learn":[5.699970599],"iteration":70,"passed_time":0.06036199368,"remaining_time":0.7898069314},
{"learn":[5.682732647],"iteration":71,"passed_time":0.06053325289,"remaining_time":0.7802063706},
{"learn":[5.663525791],"iteration":72,"passed_time":0.06069758029,"remaining_time":0.7707761223},
{"learn":[5.642381613],"iteration":73,"passed_time":0.06086724093,"remaining_time":0.7616630419},
{"learn":[5.621404779],"iteration":74,"passed_time":0.06103290581,"remaining_time":0.7527391717},
{"learn":[5.602460129],"iteration":75,"passed_time":0.06120591183,"remaining_time":0.7441350333},
{"learn":[5.587337574],"iteration":76,"passed_time":0.06137302905,"remaining_time":0.7356792962},
{"learn":[5.572393026],"iteration":77,"passed_time":0.06154724033,"remaining_time":0.7275199434},
{"learn":[5.558425806],"iteration":78,"passed_time":0.06172391491,"remaining_time":0.7195914637},
{"learn":[5.541518902],"iteration":79,"passed_time":0.06190043858,"remaining_time":0.7118550436},
{"learn":[5.526157283],"iteration":80,"passed_time":0.06209742713,"remaining_time":0.7045374757},
{"learn":[5.511746977],"iteration":81,"passed_time":0.06231022809,"remaining_time":0.6975706023},
{"learn":[5.504975022],"iteration":82,"passed_time":0.06241030224,"remaining_time":0.6895210501},
{"learn":[5.493980522],"iteration":83,"passed_time":0.06257541491,"remaining_time":0.6823700007},
{"learn":[5.480745463],"iteration":84,"passed_time":0.0627451303,"remaining_time":0.6754328732},
{"learn":[5.464052013],"iteration":85,"passed_time":0.06291839673,"remaining_time":0.6686908676},
{"learn":[5.449143727],"iteration":86,"passed_time":0.0630950219,"remaining_time":0.6621351149},
{"learn":[5.438255432],"iteration":87,"passed_time":0.0632634786,"remaining_time":0.6556396873},
{"learn":[5.425927931],"iteration":88,"passed_time":0.06343688259,"remaining_time":0.6493370791},
{"learn":[5.412331217],"iteration":89,"passed_time":0.06359810233,"remaining_time":0.6430474791},
{"learn":[5.400691499],"iteration":90,"passed_time":0.06377791195,"remaining_time":0.6370782633},
{"learn":[5.391618744],"iteration":91,"passed_time":0.06394897016,"remaining_time":0.6311485316},
{"learn":[5.380766572],"iteration":92,"passed_time":0.06410520523,"remaining_time":0.6251980768},
{"learn":[5.372207183],"iteration":93,"passed_time":0.06427995872,"remaining_time":0.6195493893},
{"learn":[5.362918837],"iteration":94,"passed_time":0.06444621789,"remaining_time":0.6139350231},
{"learn":[5.348292324],"iteration":95,"passed_time":0.06461570692,"remaining_time":0.6084645735},
{"learn":[5.339772295],"iteration":96,"passed_time":0.06477926242,"remaining_time":0.6030481852},
{"learn":[5.331515983],"iteration":97,"passed_time":0.06493558295,"remaining_time":0.5976724063},
{"learn":[5.323861644],"iteration":98,"passed_time":0.06509726811,"remaining_time":0.5924508946},
{"learn":[5.313277281],"iteration":99,"passed_time":0.06527493161,"remaining_time":0.5874743845},
{"learn":[5.30685627],"iteration":100,"passed_time":0.06546369528,"remaining_time":0.5826917035},
{"learn":[5.29652059],"iteration":101,"passed_time":0.06570277781,"remaining_time":0.5784421027},
{"learn":[5.288350766],"iteration":102,"passed_time":0.06590544482,"remaining_time":0.5739532427},
{"learn":[5.27993346],"iteration":103,"passed_time":0.06608908793,"remaining_time":0.5693829114},
{"learn":[5.271789139],"iteration":104,"passed_time":0.06627079426,"remaining_time":0.5648796272},
{"learn":[5.262684686],"iteration":105,"passed_time":0.06648759799,"remaining_time":0.5607538925},
{"learn":[5.251619772],"iteration":106,"passed_time":0.06671041605,"remaining_time":0.5567514162},
{"learn":[5.241012171],"iteration":107,"passed_time":0.06690271507,"remaining_time":0.5525668689},
{"learn":[5.232684032],"iteration":108,"passed_time":0.06710552831,"remaining_time":0.5485415204},
{"learn":[5.224267141],"iteration":109,"passed_time":0.06735814927,"remaining_time":0.5449886622},
{"learn":[5.216324968],"iteration":110,"passed_time":0.06756120824,"remaining_time":0.5410983255},
{"learn":[5.211102527],"iteration":111,"passed_time":0.0677667639,"remaining_time":0.537293628},
{"learn":[5.206364257],"iteration":112,"passed_time":0.0679253494,"remaining_time":0.5331839374},
{"learn":[5.196937641],"iteration":113,"passed_time":0.06809565642,"remaining_time":0.529234663},
{"learn":[5.190746047],"iteration":114,"passed_time":0.06827958398,"remaining_time":0.5254559289},
{"learn":[5.181885213],"iteration":115,"passed_time":0.0684540884,"remaining_time":0.5216673634},
{"learn":[5.178293568],"iteration":116,"passed_time":0.06857925287,"remaining_time":0.5175682076},
{"learn":[5.170991438],"iteration":117,"passed_time":0.06874086391,"remaining_time":0.5138088302},
{"learn":[5.166257212],"iteration":118,"passed_time":0.06891045176,"remaining_time":0.5101689748},
{"learn":[5.161421246],"iteration":119,"passed_time":0.06909926919,"remaining_time":0.506727974},
{"learn":[5.158223542],"iteration":120,"passed_time":0.06926855723,"remaining_time":0.5031988579},
{"learn":[5.15470988],"iteration":121,"passed_time":0.06939495635,"remaining_time":0.4994161612},
{"learn":[5.146388143],"iteration":122,"passed_time":0.06955698071,"remaining_time":0.4959469275},
{"learn":[5.139529364],"iteration":123,"passed_time":0.06972987388,"remaining_time":0.4926078187},
{"learn":[5.134276023],"iteration":124,"passed_time":0.06990339806,"remaining_time":0.4893237864},
{"learn":[5.128536065],"iteration":125,"passed_time":0.07010677956,"remaining_time":0.4862962328},
{"learn":[5.123300353],"iteration":126,"passed_time":0.07024252503,"remaining_time":0.4828482232},
{"learn":[5.116200518],"iteration":127,"passed_time":0.07040452736,"remaining_time":0.4796308426},
{"learn":[5.108728704],"iteration":128,"passed_time":0.07058417538,"remaining_time":0.4765799749},
{"learn":[5.104075866],"iteration":129,"passed_time":0.07101797715,"remaining_time":0.4752741548},
{"learn":[5.100317606],"iteration":130,"passed_time":0.07120971861,"remaining_time":0.4723759196},
{"learn":[5.095814182],"iteration":131,"passed_time":0.07137791489,"remaining_time":0.4693638646},
{"learn":[5.092146915],"iteration":132,"passed_time":0.07154429827,"remaining_time":0.4663827564},
{"learn":[5.085258329],"iteration":133,"passed_time":0.07172039792,"remaining_time":0.4635064522},
{"learn":[5.079219421],"iteration":134,"passed_time":0.071887636,"remaining_time":0.4606133714},
{"learn":[5.076476829],"iteration":135,"passed_time":0.07208041612,"remaining_time":0.4579226436},
{"learn":[5.072133867],"iteration":136,"passed_time":0.07226824963,"remaining_time":0.4552372221},
{"learn":[5.067031564],"iteration":137,"passed_time":0.07245502444,"remaining_time":0.4525813845},
{"learn":[5.061358312],"iteration":138,"passed_time":0.072671515,"remaining_time":0.4501451397},
{"learn":[5.056759124],"iteration":139,"passed_time":0.07286969346,"remaining_time":0.447628117},
{"learn":[5.050254],"iteration":140,"passed_time":0.07306180351,"remaining_time":0.4451070157},
{"learn":[5.048376474],"iteration":141,"passed_time":0.0731945101,"remaining_time":0.4422597864},
{"learn":[5.042603751],"iteration":142,"passed_time":0.07342307006,"remaining_time":0.4400249723},
{"learn":[5.037477349],"iteration":143,"passed_time":0.07362810153,"remaining_time":0.4376781591},
{"learn":[5.03230489],"iteration":144,"passed_time":0.0738350354,"remaining_time":0.4353721053},
{"learn":[5.025976187],"iteration":145,"passed_time":0.07404061443,"remaining_time":0.4330868817},
{"learn":[5.01952451],"iteration":146,"passed_time":0.0742544367,"remaining_time":0.4308777858},
{"learn":[5.017569424],"iteration":147,"passed_time":0.07444664424,"remaining_time":0.4285712222},
{"learn":[5.008962367],"iteration":148,"passed_time":0.07463954422,"remaining_time":0.4262969942},
{"learn":[5.003880266],"iteration":149,"passed_time":0.07484262456,"remaining_time":0.4241082059},
{"learn":[4.996387564],"iteration":150,"passed_time":0.07504326699,"remaining_time":0.4219320111},
{"learn":[4.993361683],"iteration":151,"passed_time":0.07524519682,"remaining_time":0.4197889928},
{"learn":[4.99005752],"iteration":152,"passed_time":0.0754584228,"remaining_time":0.4177338831},
{"learn":[4.986908764],"iteration":153,"passed_time":0.07566259089,"remaining_time":0.4156529344},
{"learn":[4.985207175],"iteration":154,"passed_time":0.07587265779,"remaining_time":0.4136283602},
{"learn":[4.979003494],"iteration":155,"passed_time":0.07608631914,"remaining_time":0.4116464959},
{"learn":[4.973142217],"iteration":156,"passed_time":0.07628479742,"remaining_time":0.409605632},
{"learn":[4.967056696],"iteration":157,"passed_time":0.07647806132,"remaining_time":0.4075603015},
{"learn":[4.961460696],"iteration":158,"passed_time":0.07668343068,"remaining_time":0.4056022969},
{"learn":[4.954240363],"iteration":159,"passed_time":0.07688855197,"remaining_time":0.4036648978},
{"learn":[4.952320707],"iteration":160,"passed_time":0.07703506841,"remaining_time":0.4014436174},
{"learn":[4.948337777],"iteration":161,"passed_time":0.07726078079,"remaining_time":0.3996576192},
{"learn":[4.943228639],"iteration":162,"passed_time":0.07748047751,"remaining_time":0.3978598753},
{"learn":[4.938545759],"iteration":163,"passed_time":0.07770404577,"remaining_time":0.3961011114},
{"learn":[4.935330572],"iteration":164,"passed_time":0.07788281304,"remaining_time":0.3941342357},
{"learn":[4.932051543],"iteration":165,"passed_time":0.07806355883,"remaining_time":0.3921988438},
{"learn":[4.928964153],"iteration":166,"passed_time":0.07828726866,"remaining_time":0.3904987712},
{"learn":[4.922860227],"iteration":167,"passed_time":0.07850167587,"remaining_time":0.3887702043},
{"learn":[4.917668772],"iteration":168,"passed_time":0.07872992065,"remaining_time":0.387127598},
{"learn":[4.910365386],"iteration":169,"passed_time":0.0789236907,"remaining_time":0.3853333134},
{"learn":[4.906457206],"iteration":170,"passed_time":0.07913787255,"remaining_time":0.3836567038},
{"learn":[4.901996508],"iteration":171,"passed_time":0.07938378906,"remaining_time":0.3821498683},
{"learn":[4.896816173],"iteration":172,"passed_time":0.07959089321,"remaining_time":0.3804720733},
{"learn":[4.891123132],"iteration":173,"passed_time":0.07980615045,"remaining_time":0.3788498866},
{"learn":[4.887630202],"iteration":174,"passed_time":0.08001633888,"remaining_time":0.3772198833},
{"learn":[4.885259712],"iteration":175,"passed_time":0.080216996,"remaining_time":0.3755613904},
{"learn":[4.880659728],"iteration":176,"passed_time":0.08042729928,"remaining_time":0.3739642221},
{"learn":[4.877299723],"iteration":177,"passed_time":0.0806459807,"remaining_time":0.3724213266},
{"learn":[4.874038772],"iteration":178,"passed_time":0.08084383397,"remaining_time":0.3707976966},
{"learn":[4.86943698],"iteration":179,"passed_time":0.0810509301,"remaining_time":0.3692320149},
{"learn":[4.861268711],"iteration":180,"passed_time":0.08125217349,"remaining_time":0.3676548624},
{"learn":[4.858673056],"iteration":181,"passed_time":0.08146523855,"remaining_time":0.3661459623},
{"learn":[4.854036207],"iteration":182,"passed_time":0.08166114803,"remaining_time":0.3645746336},
{"learn":[4.85130244],"iteration":183,"passed_time":0.08186339771,"remaining_time":0.3630463725},
{"learn":[4.847510084],"iteration":184,"passed_time":0.08205248557,"remaining_time":0.3614744634},
{"learn":[4.845691673],"iteration":185,"passed_time":0.0822325576,"remaining_time":0.3598779671},
{"learn":[4.842058646],"iteration":186,"passed_time":0.08241068118,"remaining_time":0.3582881486},
{"learn":[4.838623675],"iteration":187,"passed_time":0.08260874746,"remaining_time":0.3567994837},
{"learn":[4.834602161],"iteration":188,"passed_time":0.0827912908,"remaining_time":0.3552578669},
{"learn":[4.830858976],"iteration":189,"passed_time":0.08297239516,"remaining_time":0.3537244215},
{"learn":[4.827590511],"iteration":190,"passed_time":0.0831599312,"remaining_time":0.3522323787},
{"learn":[4.822246226],"iteration":191,"passed_time":0.08333090261,"remaining_time":0.3506842151},
{"learn":[4.816686395],"iteration":192,"passed_time":0.08350867762,"remaining_time":0.3491787712},
{"learn":[4.814797121],"iteration":193,"passed_time":0.08367535747,"remaining_time":0.3476409181},
{"learn":[4.811639392],"iteration":194,"passed_time":0.08384181429,"remaining_time":0.3461162077},
{"learn":[4.804813432],"iteration":195,"passed_time":0.08403485584,"remaining_time":0.3447144086},
{"learn":[4.80251613],"iteration":196,"passed_time":0.08421028308,"remaining_time":0.3432530828},
{"learn":[4.800087884],"iteration":197,"passed_time":0.08438298059,"remaining_time":0.3417936891},
{"learn":[4.794773135],"iteration":198,"passed_time":0.08455978204,"remaining_time":0.3403637458},
{"learn":[4.791664833],"iteration":199,"passed_time":0.08474758116,"remaining_time":0.3389903246},
{"learn":[4.785989873],"iteration":200,"passed_time":0.08496609397,"remaining_time":0.3377507915},
{"learn":[4.782387142],"iteration":201,"passed_time":0.08522707736,"remaining_time":0.3366891472},
{"learn":[4.778623704],"iteration":202,"passed_time":0.08548727482,"remaining_time":0.3356323056},
{"learn":[4.775772178],"iteration":203,"passed_time":0.08568897028,"remaining_time":0.3343550017},
{"learn":[4.77023101],"iteration":204,"passed_time":0.08589136485,"remaining_time":0.3330909027},
{"learn":[4.764496689],"iteration":205,"passed_time":0.08609973035,"remaining_time":0.3318601257},
{"learn":[4.763138716],"iteration":206,"passed_time":0.08631091906,"remaining_time":0.3306500426},
{"learn":[4.758053283],"iteration":207,"passed_time":0.0865124182,"remaining_time":0.3294126693},
{"learn":[4.755063788],"iteration":208,"passed_time":0.08672410771,"remaining_time":0.3282237761},
{"learn":[4.752465267],"iteration":209,"passed_time":0.08692892818,"remaining_time":0.3270183489},
{"learn":[4.748067377],"iteration":210,"passed_time":0.08713866722,"remaining_time":0.3258407983},
{"learn":[4.744163298],"iteration":211,"passed_time":0.0873392816,"remaining_time":0.3246384618},
{"learn":[4.736670896],"iteration":212,"passed_time":0.08755114339,"remaining_time":0.3234870885},
{"learn":[4.73349255],"iteration":213,"passed_time":0.08775334232,"remaining_time":0.322309005},
{"learn":[4.731864595],"iteration":214,"passed_time":0.08796950902,"remaining_time":0.3211909981},
{"learn":[4.728398311],"iteration":215,"passed_time":0.08820126077,"remaining_time":0.3201379095},
{"learn":[4.723865975],"iteration":216,"passed_time":0.0884000362,"remaining_time":0.3189734025},
{"learn":[4.723483365],"iteration":217,"passed_time":0.08864605755,"remaining_time":0.317987234},
{"learn":[4.72095416],"iteration":218,"passed_time":0.0888464469,"remaining_time":0.3168450915},
{"learn":[4.716173382],"iteration":219,"passed_time":0.0890480088,"remaining_time":0.3157156676},
{"learn":[4.710563974],"iteration":220,"passed_time":0.08924206331,"remaining_time":0.3145681779},
{"learn":[4.707160263],"iteration":221,"passed_time":0.08944895444,"remaining_time":0.3134742638},
{"learn":[4.70408351],"iteration":222,"passed_time":0.08964242868,"remaining_time":0.3123415564},
{"learn":[4.702501831],"iteration":223,"passed_time":0.08987373705,"remaining_time":0.3113483034},
{"learn":[4.700269738],"iteration":224,"passed_time":0.09011189577,"remaining_time":0.3103854188},
{"learn":[4.695346302],"iteration":225,"passed_time":0.09032287146,"remaining_time":0.3093358518},
{"learn":[4.689769299],"iteration":226,"passed_time":0.09056866712,"remaining_time":0.3084122453},
{"learn":[4.687919514],"iteration":227,"passed_time":0.0907782045,"remaining_time":0.3073718152},
{"learn":[4.682982074],"iteration":228,"passed_time":0.09099679043,"remaining_time":0.3063691066},
{"learn":[4.679578702],"iteration":229,"passed_time":0.09120326489,"remaining_time":0.3053326694},
{"learn":[4.675751423],"iteration":230,"passed_time":0.09142164582,"remaining_time":0.3043430547},
{"learn":[4.672710726],"iteration":231,"passed_time":0.09173235446,"remaining_time":0.3036657251},
{"learn":[4.6690533],"iteration":232,"passed_time":0.09194421624,"remaining_time":0.3026661539},
{"learn":[4.667595702],"iteration":233,"passed_time":0.09214885576,"remaining_time":0.3016496731},
{"learn":[4.664241291],"iteration":234,"passed_time":0.09238272758,"remaining_time":0.3007352621},
{"learn":[4.662246999],"iteration":235,"passed_time":0.09261745144,"remaining_time":0.2998293767},
{"learn":[4.658668443],"iteration":236,"passed_time":0.09282879239,"remaining_time":0.2988538759},
{"learn":[4.658017572],"iteration":237,"passed_time":0.09302811069,"remaining_time":0.297846304},
{"learn":[4.657656705],"iteration":238,"passed_time":0.09321699022,"remaining_time":0.2968122575},
{"learn":[4.653242871],"iteration":239,"passed_time":0.09342072628,"remaining_time":0.2958322999},
{"learn":[4.6507302],"iteration":240,"passed_time":0.09361983758,"remaining_time":0.2948442188},
{"learn":[4.647671336],"iteration":241,"passed_time":0.09383223489,"remaining_time":0.2939042729},
{"learn":[4.645506007],"iteration":242,"passed_time":0.09402676616,"remaining_time":0.2929146584},
{"learn":[4.641297906],"iteration":243,"passed_time":0.09422744264,"remaining_time":0.291950601},
{"learn":[4.63798107],"iteration":244,"passed_time":0.09444207488,"remaining_time":0.2910357818},
{"learn":[4.635062318],"iteration":245,"passed_time":0.09463449677,"remaining_time":0.2900585795},
{"learn":[4.631606017],"iteration":246,"passed_time":0.0948322993,"remaining_time":0.2891041351},
{"learn":[4.630215494],"iteration":247,"passed_time":0.09504409965,"remaining_time":0.2881982377},
{"learn":[4.62729814],"iteration":248,"passed_time":0.0952444663,"remaining_time":0.2872634305},
{"learn":[4.624691756],"iteration":249,"passed_time":0.09544576511,"remaining_time":0.2863372953},
{"learn":[4.621840053],"iteration":250,"passed_time":0.09566204567,"remaining_time":0.2854616423},
{"learn":[4.619602091],"iteration":251,"passed_time":0.0958990966,"remaining_time":0.284652874},
{"learn":[4.613584029],"iteration":252,"passed_time":0.09610119403,"remaining_time":0.2837454227},
{"learn":[4.6119388],"iteration":253,"passed_time":0.0962824493,"remaining_time":0.2827823117},
{"learn":[4.60870702],"iteration":254,"passed_time":0.09646269495,"remaining_time":0.2818223833},
{"learn":[4.604771557],"iteration":255,"passed_time":0.09696040342,"remaining_time":0.2817911724},
{"learn":[4.604231277],"iteration":256,"passed_time":0.09718746563,"remaining_time":0.2809738792},
{"learn":[4.600750354],"iteration":257,"passed_time":0.09736845581,"remaining_time":0.2800286597},
{"learn":[4.596488253],"iteration":258,"passed_time":0.09753313378,"remaining_time":0.2790426723},
{"learn":[4.59470784],"iteration":259,"passed_time":0.09772530826,"remaining_time":0.278141262},
{"learn":[4.588818005],"iteration":260,"passed_time":0.0979317253,"remaining_time":0.277285613},
{"learn":[4.585054174],"iteration":261,"passed_time":0.09814631047,"remaining_time":0.276457928},
{"learn":[4.581471435],"iteration":262,"passed_time":0.09835479416,"remaining_time":0.2756178072},
{"learn":[4.577555199],"iteration":263,"passed_time":0.09857715949,"remaining_time":0.2748211719},
{"learn":[4.57457145],"iteration":264,"passed_time":0.09876422744,"remaining_time":0.2739309704},
{"learn":[4.573029224],"iteration":265,"passed_time":0.09894729896,"remaining_time":0.273035028},
{"learn":[4.571326203],"iteration":266,"passed_time":0.09923114609,"remaining_time":0.2724210865},
{"learn":[4.571019224],"iteration":267,"passed_time":0.09940025051,"remaining_time":0.2714962066},
{"learn":[4.565766631],"iteration":268,"passed_time":0.09955684415,"remaining_time":0.2705429482},
{"learn":[4.563383471],"iteration":269,"passed_time":0.0997260387,"remaining_time":0.2696296602},
{"learn":[4.558165805],"iteration":270,"passed_time":0.09990582695,"remaining_time":0.2687503611},
{"learn":[4.55629209],"iteration":271,"passed_time":0.1000891883,"remaining_time":0.2678857686},
{"learn":[4.549383848],"iteration":272,"passed_time":0.1002526723,"remaining_time":0.2669732336},
{"learn":[4.546227503],"iteration":273,"passed_time":0.1004643298,"remaining_time":0.2661938081},
{"learn":[4.540620977],"iteration":274,"passed_time":0.100655744,"remaining_time":0.2653651434},
{"learn":[4.532898237],"iteration":275,"passed_time":0.100842388,"remaining_time":0.2645285829},
{"learn":[4.529757367],"iteration":276,"passed_time":0.1010513324,"remaining_time":0.2637549218},
{"learn":[4.52579294],"iteration":277,"passed_time":0.1012501392,"remaining_time":0.2629589946},
{"learn":[4.521572155],"iteration":278,"passed_time":0.1014325797,"remaining_time":0.2621250537},
{"learn":[4.518818099],"iteration":279,"passed_time":0.1016574835,"remaining_time":0.2614049575},
{"learn":[4.514012334],"iteration":280,"passed_time":0.1018906962,"remaining_time":0.2607096462},
{"learn":[4.508331416],"iteration":281,"passed_time":0.1020939335,"remaining_time":0.2599412917},
{"learn":[4.506038537],"iteration":282,"passed_time":0.1022916192,"remaining_time":0.2591628655},
{"learn":[4.505805643],"iteration":283,"passed_time":0.1024908473,"remaining_time":0.2583924179},
{"learn":[4.501550352],"iteration":284,"passed_time":0.1026861425,"remaining_time":0.2576161119},
{"learn":[4.494692643],"iteration":285,"passed_time":0.1029301526,"remaining_time":0.2569654859},
{"learn":[4.489330245],"iteration":286,"passed_time":0.103153207,"remaining_time":0.2562656328},
{"learn":[4.484826955],"iteration":287,"passed_time":0.1033618977,"remaining_time":0.2555335805},
{"learn":[4.478285428],"iteration":288,"passed_time":0.103594824,"remaining_time":0.2548647747},
{"learn":[4.475311671],"iteration":289,"passed_time":0.1037847669,"remaining_time":0.2540937398},
{"learn":[4.471581298],"iteration":290,"passed_time":0.1039684127,"remaining_time":0.2533113561},
{"learn":[4.469164956],"iteration":291,"passed_time":0.1041825415,"remaining_time":0.2526069841},
{"learn":[4.462068024],"iteration":292,"passed_time":0.1044124436,"remaining_time":0.2519440192},
{"learn":[4.458540976],"iteration":293,"passed_time":0.1046134272,"remaining_time":0.2512145566},
{"learn":[4.455757458],"iteration":294,"passed_time":0.1048159039,"remaining_time":0.250492245},
{"learn":[4.453027414],"iteration":295,"passed_time":0.1050357993,"remaining_time":0.249814874},
{"learn":[4.450659338],"iteration":296,"passed_time":0.1052363706,"remaining_time":0.2490948436},
{"learn":[4.444696901],"iteration":297,"passed_time":0.1055017387,"remaining_time":0.2485309416},
{"learn":[4.442052813],"iteration":298,"passed_time":0.1057124861,"remaining_time":0.247840979},
{"learn":[4.440036756],"iteration":299,"passed_time":0.1058915992,"remaining_time":0.2470803982},
{"learn":[4.435017051],"iteration":300,"passed_time":0.1060654159,"remaining_time":0.246311381},
{"learn":[4.429962125],"iteration":301,"passed_time":0.1062683597,"remaining_time":0.245613626},
{"learn":[4.427666256],"iteration":302,"passed_time":0.1064836199,"remaining_time":0.2449474689},
{"learn":[4.425030004],"iteration":303,"passed_time":0.1067105038,"remaining_time":0.2443108904},
{"learn":[4.422588771],"iteration":304,"passed_time":0.1068795562,"remaining_time":0.2435452181},
{"learn":[4.418936667],"iteration":305,"passed_time":0.1070589244,"remaining_time":0.2428068416},
{"learn":[4.416887976],"iteration":306,"passed_time":0.1072382653,"remaining_time":0.242072045},
{"learn":[4.413773354],"iteration":307,"passed_time":0.1074029152,"remaining_time":0.2413078484},
{"learn":[4.411129391],"iteration":308,"passed_time":0.1112363227,"remaining_time":0.2487517766},
{"learn":[4.40850819],"iteration":309,"passed_time":0.1114282978,"remaining_time":0.2480178242},
{"learn":[4.404880292],"iteration":310,"passed_time":0.1116114068,"remaining_time":0.2472677146},
{"learn":[4.404593827],"iteration":311,"passed_time":0.1117914407,"remaining_time":0.246514459},
{"learn":[4.402139942],"iteration":312,"passed_time":0.1119633069,"remaining_time":0.2457469388},
{"learn":[4.400284725],"iteration":313,"passed_time":0.112140714,"remaining_time":0.2449953178},
{"learn":[4.395805521],"iteration":314,"passed_time":0.1123071748,"remaining_time":0.2442235389},
{"learn":[4.392838833],"iteration":315,"passed_time":0.1124800032,"remaining_time":0.2434693741},
{"learn":[4.389213061],"iteration":316,"passed_time":0.1126975962,"remaining_time":0.2428153256},
{"learn":[4.3861981],"iteration":317,"passed_time":0.1129408835,"remaining_time":0.2422191275},
{"learn":[4.385054234],"iteration":318,"passed_time":0.1131461293,"remaining_time":0.2415439313},
{"learn":[4.379364607],"iteration":319,"passed_time":0.1134302199,"remaining_time":0.2410392172},
{"learn":[4.378387619],"iteration":320,"passed_time":0.1136241662,"remaining_time":0.2403451989},
{"learn":[4.375816727],"iteration":321,"passed_time":0.1138274248,"remaining_time":0.2396738945},
{"learn":[4.374600202],"iteration":322,"passed_time":0.1140226646,"remaining_time":0.2389886808},
{"learn":[4.37098897],"iteration":323,"passed_time":0.1142538721,"remaining_time":0.2383815356},
{"learn":[4.367418484],"iteration":324,"passed_time":0.1144648011,"remaining_time":0.2377345868},
{"learn":[4.363584638],"iteration":325,"passed_time":0.1146678113,"remaining_time":0.2370739411},
{"learn":[4.360770706],"iteration":326,"passed_time":0.1148763598,"remaining_time":0.2364274927},
{"learn":[4.358675808],"iteration":327,"passed_time":0.1150769768,"remaining_time":0.2357674647},
{"learn":[4.354228195],"iteration":328,"passed_time":0.1152859827,"remaining_time":0.2351273385},
{"learn":[4.353773425],"iteration":329,"passed_time":0.1154804311,"remaining_time":0.2344602693},
{"learn":[4.351648009],"iteration":330,"passed_time":0.1156773296,"remaining_time":0.2338010075},
{"learn":[4.348209927],"iteration":331,"passed_time":0.115887092,"remaining_time":0.233170414},
{"learn":[4.345852733],"iteration":332,"passed_time":0.1161151144,"remaining_time":0.2325789228},
{"learn":[4.34237339],"iteration":333,"passed_time":0.1163107848,"remaining_time":0.2319250979},
{"learn":[4.340814362],"iteration":334,"passed_time":0.1165120329,"remaining_time":0.2312850802},
{"learn":[4.339707068],"iteration":335,"passed_time":0.1167281889,"remaining_time":0.2306771352},
{"learn":[4.335430786],"iteration":336,"passed_time":0.1169466997,"remaining_time":0.2300761481},
{"learn":[4.33521887],"iteration":337,"passed_time":0.1171675623,"remaining_time":0.2294820303},
{"learn":[4.328507238],"iteration":338,"passed_time":0.1173853917,"remaining_time":0.2288842003},
{"learn":[4.326140732],"iteration":339,"passed_time":0.117619598,"remaining_time":0.2283203962},
{"learn":[4.323785636],"iteration":340,"passed_time":0.1178200922,"remaining_time":0.2276933747},
{"learn":[4.320632534],"iteration":341,"passed_time":0.1180391866,"remaining_time":0.227104634},
{"learn":[4.31973724],"iteration":342,"passed_time":0.118335009,"remaining_time":0.2266650173},
{"learn":[4.318000924],"iteration":343,"passed_time":0.1185651312,"remaining_time":0.2261009478},
{"learn":[4.312713628],"iteration":344,"passed_time":0.1187978465,"remaining_time":0.2255437375},
{"learn":[4.308220789],"iteration":345,"passed_time":0.1189773542,"remaining_time":0.2248878314},
{"learn":[4.305890947],"iteration":346,"passed_time":0.11915769,"remaining_time":0.2242362294},
{"learn":[4.305137856],"iteration":347,"passed_time":0.1193301879,"remaining_time":0.2235726509},
{"learn":[4.304787172],"iteration":348,"passed_time":0.1195037134,"remaining_time":0.2229138035},
{"learn":[4.30350134],"iteration":349,"passed_time":0.1196858782,"remaining_time":0.2222737737},
{"learn":[4.30293809],"iteration":350,"passed_time":0.1198604794,"remaining_time":0.2216223679},
{"learn":[4.299548459],"iteration":351,"passed_time":0.1200347281,"remaining_time":0.2209730221},
{"learn":[4.294768408],"iteration":352,"passed_time":0.1202076379,"remaining_time":0.2203239143},
{"learn":[4.294581479],"iteration":353,"passed_time":0.120429811,"remaining_time":0.2197673951},
{"learn":[4.292551604],"iteration":354,"passed_time":0.1206154105,"remaining_time":0.2191463093},
{"learn":[4.288628894],"iteration":355,"passed_time":0.1207963807,"remaining_time":0.2185192954},
{"learn":[4.287802767],"iteration":356,"passed_time":0.1209616196,"remaining_time":0.2178664464},
{"learn":[4.284566905],"iteration":357,"passed_time":0.1211678022,"remaining_time":0.2172897459},
{"learn":[4.27890232],"iteration":358,"passed_time":0.1213468793,"remaining_time":0.2166667121},
{"learn":[4.276938023],"iteration":359,"passed_time":0.121521743,"remaining_time":0.2160386542},
{"learn":[4.273425094],"iteration":360,"passed_time":0.1217166806,"remaining_time":0.2154486396},
{"learn":[4.269726505],"iteration":361,"passed_time":0.1219405477,"remaining_time":0.214911794},
{"learn":[4.265565857],"iteration":362,"passed_time":0.1221175668,"remaining_time":0.2142944629},
{"learn":[4.262117173],"iteration":363,"passed_time":0.1222904666,"remaining_time":0.2136723538},
{"learn":[4.259185148],"iteration":364,"passed_time":0.1224801535,"remaining_time":0.2130819108},
{"learn":[4.257668507],"iteration":365,"passed_time":0.1226533451,"remaining_time":0.2124650841},
{"learn":[4.253432436],"iteration":366,"passed_time":0.1228203214,"remaining_time":0.211839955},
{"learn":[4.250216667],"iteration":367,"passed_time":0.1230023853,"remaining_time":0.211243227},
{"learn":[4.24514828],"iteration":368,"passed_time":0.1231905537,"remaining_time":0.2106591854},
{"learn":[4.244015772],"iteration":369,"passed_time":0.1233779455,"remaining_time":0.2100759613},
{"learn":[4.240329192],"iteration":370,"passed_time":0.1236040943,"remaining_time":0.2095605803},
{"learn":[4.236718014],"iteration":371,"passed_time":0.1237977742,"remaining_time":0.2089919413},
{"learn":[4.233495944],"iteration":372,"passed_time":0.123994312,"remaining_time":0.2084301169},
{"learn":[4.230357491],"iteration":373,"passed_time":0.1241803076,"remaining_time":0.2078526003},
{"learn":[4.227381215],"iteration":374,"passed_time":0.1243630819,"remaining_time":0.2072718032},
{"learn":[4.226169067],"iteration":375,"passed_time":0.1245398133,"remaining_time":0.2066830944},
{"learn":[4.225963861],"iteration":376,"passed_time":0.124708053,"remaining_time":0.2060825384},
{"learn":[4.224346548],"iteration":377,"passed_time":0.12488831,"remaining_time":0.2055040444},
{"learn":[4.222595381],"iteration":378,"passed_time":0.1250618575,"remaining_time":0.2049166583},
{"learn":[4.219700938],"iteration":379,"passed_time":0.1252223334,"remaining_time":0.2043101229},
{"learn":[4.216356207],"iteration":380,"passed_time":0.1254080572,"remaining_time":0.2037469485},
{"learn":[4.214326494],"iteration":381,"passed_time":0.1256275599,"remaining_time":0.203240398},
{"learn":[4.212901398],"iteration":382,"passed_time":0.1258874332,"remaining_time":0.2028003819},
{"learn":[4.211331091],"iteration":383,"passed_time":0.1260984262,"remaining_time":0.2022828921},
{"learn":[4.208624791],"iteration":384,"passed_time":0.1262944653,"remaining_time":0.2017431069},
{"learn":[4.204659106],"iteration":385,"passed_time":0.1265070596,"remaining_time":0.2012314367},
{"learn":[4.202968852],"iteration":386,"passed_time":0.1267012857,"remaining_time":0.2006922174},
{"learn":[4.197261935],"iteration":387,"passed_time":0.1269086422,"remaining_time":0.2001754872},
{"learn":[4.196934403],"iteration":388,"passed_time":0.1271088914,"remaining_time":0.1996491841},
{"learn":[4.192479929],"iteration":389,"passed_time":0.1273087692,"remaining_time":0.1991239724},
{"learn":[4.190243116],"iteration":390,"passed_time":0.1275122809,"remaining_time":0.1986060846},
{"learn":[4.185852431],"iteration":391,"passed_time":0.1277195226,"remaining_time":0.1980955861},
{"learn":[4.180967944],"iteration":392,"passed_time":0.1279585838,"remaining_time":0.197635777},
{"learn":[4.178283162],"iteration":393,"passed_time":0.1281947226,"remaining_time":0.1971725936},
{"learn":[4.176341157],"iteration":394,"passed_time":0.1283700109,"remaining_time":0.1966173585},
{"learn":[4.176041504],"iteration":395,"passed_time":0.128544104,"remaining_time":0.1960622193},
{"learn":[4.175564513],"iteration":396,"passed_time":0.128719604,"remaining_time":0.1955111366},
{"learn":[4.170830274],"iteration":397,"passed_time":0.1288918849,"remaining_time":0.1949570721},
{"learn":[4.167804808],"iteration":398,"passed_time":0.1290860129,"remaining_time":0.1944378289},
{"learn":[4.165860548],"iteration":399,"passed_time":0.1292603764,"remaining_time":0.1938905646},
{"learn":[4.160950571],"iteration":400,"passed_time":0.1294341269,"remaining_time":0.1933442445},
{"learn":[4.158544115],"iteration":401,"passed_time":0.1296115674,"remaining_time":0.1928052669},
{"learn":[4.154448767],"iteration":402,"passed_time":0.1297869339,"remaining_time":0.1922650112},
{"learn":[4.15197457],"iteration":403,"passed_time":0.1299609535,"remaining_time":0.191724575},
{"learn":[4.149562679],"iteration":404,"passed_time":0.1301345712,"remaining_time":0.1911853577},
{"learn":[4.149327961],"iteration":405,"passed_time":0.1302980786,"remaining_time":0.1906331495},
{"learn":[4.147444889],"iteration":406,"passed_time":0.1304698359,"remaining_time":0.1900948715},
{"learn":[4.147254809],"iteration":407,"passed_time":0.1306544753,"remaining_time":0.1895770818},
{"learn":[4.144589165],"iteration":408,"passed_time":0.130833931,"remaining_time":0.1890534309},
{"learn":[4.141691034],"iteration":409,"passed_time":0.1309930407,"remaining_time":0.1885021805},
{"learn":[4.138893468],"iteration":410,"passed_time":0.1311691824,"remaining_time":0.1879772469},
{"learn":[4.136964597],"iteration":411,"passed_time":0.1314049339,"remaining_time":0.1875390805},
{"learn":[4.133773523],"iteration":412,"passed_time":0.1316044779,"remaining_time":0.1870504323},
{"learn":[4.131363444],"iteration":413,"passed_time":0.1317955049,"remaining_time":0.1865511253},
{"learn":[4.130228592],"iteration":414,"passed_time":0.131988441,"remaining_time":0.1860559951},
{"learn":[4.12884186],"iteration":415,"passed_time":0.1321582438,"remaining_time":0.1855298423},
{"learn":[4.12413494],"iteration":416,"passed_time":0.1323561812,"remaining_time":0.185044733},
{"learn":[4.119422508],"iteration":417,"passed_time":0.1325923451,"remaining_time":0.1846142221},
{"learn":[4.117038244],"iteration":418,"passed_time":0.1327990108,"remaining_time":0.1841437358},
{"learn":[4.116067631],"iteration":419,"passed_time":0.1330594654,"remaining_time":0.1837487855},
{"learn":[4.110343455],"iteration":420,"passed_time":0.1332320514,"remaining_time":0.1832336289},
{"learn":[4.105604544],"iteration":421,"passed_time":0.1334359107,"remaining_time":0.1827629298},
{"learn":[4.103390131],"iteration":422,"passed_time":0.1336566824,"remaining_time":0.1823165621},
{"learn":[4.096724402],"iteration":423,"passed_time":0.1338511897,"remaining_time":0.1818355784},
{"learn":[4.093431279],"iteration":424,"passed_time":0.1340259512,"remaining_time":0.1813292281},
{"learn":[4.091412744],"iteration":425,"passed_time":0.1341965039,"remaining_time":0.1808187635},
{"learn":[4.091192901],"iteration":426,"passed_time":0.1343649593,"remaining_time":0.1803070765},
{"learn":[4.088994581],"iteration":427,"passed_time":0.134522248,"remaining_time":0.1797820698},
{"learn":[4.087845355],"iteration":428,"passed_time":0.1346834497,"remaining_time":0.1792639856},
{"learn":[4.083650279],"iteration":429,"passed_time":0.1348637582,"remaining_time":0.1787728887},
{"learn":[4.079840652],"iteration":430,"passed_time":0.1350643632,"remaining_time":0.1783100294},
{"learn":[4.075707828],"iteration":431,"passed_time":0.135299703,"remaining_time":0.177894054},
{"learn":[4.071345409],"iteration":432,"passed_time":0.1354690071,"remaining_time":0.1773924412},
{"learn":[4.067460475],"iteration":433,"passed_time":0.1356953665,"remaining_time":0.1769667683},
{"learn":[4.064914749],"iteration":434,"passed_time":0.135909493,"remaining_time":0.176526123},
{"learn":[4.063823175],"iteration":435,"passed_time":0.1361133305,"remaining_time":0.1760732074},
{"learn":[4.058898471],"iteration":436,"passed_time":0.1363337334,"remaining_time":0.1756427732},
{"learn":[4.054120355],"iteration":437,"passed_time":0.1365112453,"remaining_time":0.1751582645},
{"learn":[4.052715901],"iteration":438,"passed_time":0.1366969183,"remaining_time":0.1746855836},
{"learn":[4.052114167],"iteration":439,"passed_time":0.1368754479,"remaining_time":0.1742051155},
{"learn":[4.051377267],"iteration":440,"passed_time":0.1370511102,"remaining_time":0.1737223823},
{"learn":[4.049275336],"iteration":441,"passed_time":0.1372338538,"remaining_time":0.1732499784},
{"learn":[4.047099198],"iteration":442,"passed_time":0.1374061267,"remaining_time":0.1727657168},
{"learn":[4.044348685],"iteration":443,"passed_time":0.1375900435,"remaining_time":0.1722974419},
{"learn":[4.042822379],"iteration":444,"passed_time":0.1377689804,"remaining_time":0.171824234},
{"learn":[4.041258611],"iteration":445,"passed_time":0.1379553225,"remaining_time":0.1713615441},
{"learn":[4.040044254],"iteration":446,"passed_time":0.1381398337,"remaining_time":0.1708978256},
{"learn":[4.036860137],"iteration":447,"passed_time":0.1383053524,"remaining_time":0.170411952},
{"learn":[4.036372284],"iteration":448,"passed_time":0.1384868954,"remaining_time":0.1699471701},
{"learn":[4.03368231],"iteration":449,"passed_time":0.138649287,"remaining_time":0.1694602397},
{"learn":[4.032439519],"iteration":450,"passed_time":0.1388303841,"remaining_time":0.1689975185},
{"learn":[4.032008634],"iteration":451,"passed_time":0.1390073625,"remaining_time":0.1685310501},
{"learn":[4.030034932],"iteration":452,"passed_time":0.1391872015,"remaining_time":0.1680693139},
{"learn":[4.028173412],"iteration":453,"passed_time":0.1393803552,"remaining_time":0.1676248324},
{"learn":[4.023806097],"iteration":454,"passed_time":0.1395621093,"remaining_time":0.1671678012},
{"learn":[4.020239186],"iteration":455,"passed_time":0.1397295657,"remaining_time":0.1666949205},
{"learn":[4.017384838],"iteration":456,"passed_time":0.1399060226,"remaining_time":0.1662340706},
{"learn":[4.016468229],"iteration":457,"passed_time":0.1400850403,"remaining_time":0.165777493},
{"learn":[4.014530169],"iteration":458,"passed_time":0.1402541053,"remaining_time":0.1653103942},
{"learn":[4.012884822],"iteration":459,"passed_time":0.1404302136,"remaining_time":0.1648528594},
{"learn":[4.008924707],"iteration":460,"passed_time":0.1406118508,"remaining_time":0.16440301},
{"learn":[4.008286778],"iteration":461,"passed_time":0.1407910608,"remaining_time":0.163951495},
{"learn":[4.006444202],"iteration":462,"passed_time":0.1409708604,"remaining_time":0.1635018403},
{"learn":[4.003284363],"iteration":463,"passed_time":0.1411390226,"remaining_time":0.1630399055},
{"learn":[3.999811484],"iteration":464,"passed_time":0.1413116313,"remaining_time":0.16258435},
{"learn":[3.997483319],"iteration":465,"passed_time":0.1414673743,"remaining_time":0.1621106821},
{"learn":[3.99708333],"iteration":466,"passed_time":0.1416447113,"remaining_time":0.1616630216},
{"learn":[3.995860263],"iteration":467,"passed_time":0.1418186321,"remaining_time":0.161212633},
{"learn":[3.994131111],"iteration":468,"passed_time":0.1419971055,"remaining_time":0.1607685779},
{"learn":[3.993125499],"iteration":469,"passed_time":0.1421754034,"remaining_time":0.1603254549},
{"learn":[3.992954084],"iteration":470,"passed_time":0.1423300138,"remaining_time":0.1598568521},
{"learn":[3.990635743],"iteration":471,"passed_time":0.1425102254,"remaining_time":0.1594182183},
{"learn":[3.986678254],"iteration":472,"passed_time":0.1426805825,"remaining_time":0.1589696977},
{"learn":[3.986393291],"iteration":473,"passed_time":0.1428540259,"remaining_time":0.1585257756},
{"learn":[3.986152671],"iteration":474,"passed_time":0.1430184208,"remaining_time":0.1580729914},
{"learn":[3.985596662],"iteration":475,"passed_time":0.1431916812,"remaining_time":0.1576311784},
{"learn":[3.983853457],"iteration":476,"passed_time":0.1433611348,"remaining_time":0.1571863176},
{"learn":[3.983263928],"iteration":477,"passed_time":0.1435428255,"remaining_time":0.1567559726},
{"learn":[3.980067202],"iteration":478,"passed_time":0.1437083762,"remaining_time":0.1563091106},
{"learn":[3.978115407],"iteration":479,"passed_time":0.1438839049,"remaining_time":0.1558742303},
{"learn":[3.972661644],"iteration":480,"passed_time":0.1440453136,"remaining_time":0.1554251929},
{"learn":[3.969938254],"iteration":481,"passed_time":0.1442168159,"remaining_time":0.1549881963},
{"learn":[3.968211434],"iteration":482,"passed_time":0.1443956159,"remaining_time":0.1545601106},
{"learn":[3.966113368],"iteration":483,"passed_time":0.1445864145,"remaining_time":0.1541458468},
{"learn":[3.962246044],"iteration":484,"passed_time":0.1447816576,"remaining_time":0.153737224},
{"learn":[3.961319703],"iteration":485,"passed_time":0.1449680197,"remaining_time":0.1533200867},
{"learn":[3.96078191],"iteration":486,"passed_time":0.1451461727,"remaining_time":0.1528952496},
{"learn":[3.958913633],"iteration":487,"passed_time":0.1454053905,"remaining_time":0.1525564753},
{"learn":[3.957428286],"iteration":488,"passed_time":0.1456101963,"remaining_time":0.1521611663},
{"learn":[3.952641965],"iteration":489,"passed_time":0.1463684735,"remaining_time":0.1523426969},
{"learn":[3.951486786],"iteration":490,"passed_time":0.1465885882,"remaining_time":0.151962508},
{"learn":[3.94938344],"iteration":491,"passed_time":0.1468045356,"remaining_time":0.1515786668},
{"learn":[3.947297924],"iteration":492,"passed_time":0.1469827566,"remaining_time":0.1511567092},
{"learn":[3.946284886],"iteration":493,"passed_time":0.1471694894,"remaining_time":0.1507444567},
{"learn":[3.943288204],"iteration":494,"passed_time":0.1473443551,"remaining_time":0.1503210087},
{"learn":[3.943076488],"iteration":495,"passed_time":0.1475049805,"remaining_time":0.1498840931},
{"learn":[3.942347078],"iteration":496,"passed_time":0.1477122957,"remaining_time":0.1494955427},
{"learn":[3.940251541],"iteration":497,"passed_time":0.147911654,"remaining_time":0.1490996994},
{"learn":[3.939011019],"iteration":498,"passed_time":0.1480935764,"remaining_time":0.1486871378},
{"learn":[3.938760512],"iteration":499,"passed_time":0.1482948986,"remaining_time":0.1482948986},
{"learn":[3.934522727],"iteration":500,"passed_time":0.1484818329,"remaining_time":0.1478890911},
{"learn":[3.930091193],"iteration":501,"passed_time":0.1486473603,"remaining_time":0.1474629192},
{"learn":[3.927671752],"iteration":502,"passed_time":0.1488147566,"remaining_time":0.1470396303},
{"learn":[3.927280041],"iteration":503,"passed_time":0.1490062497,"remaining_time":0.1466410711},
{"learn":[3.925987561],"iteration":504,"passed_time":0.1491800917,"remaining_time":0.1462260305},
{"learn":[3.921645957],"iteration":505,"passed_time":0.1493453806,"remaining_time":0.145803593},
{"learn":[3.920333743],"iteration":506,"passed_time":0.1495242461,"remaining_time":0.1453953714},
{"learn":[3.918659461],"iteration":507,"passed_time":0.1497066852,"remaining_time":0.1449915141},
{"learn":[3.916124385],"iteration":508,"passed_time":0.1498900726,"remaining_time":0.1445894414},
{"learn":[3.913849268],"iteration":509,"passed_time":0.1500626459,"remaining_time":0.1441778363},
{"learn":[3.912826119],"iteration":510,"passed_time":0.1502393385,"remaining_time":0.1437711087},
{"learn":[3.910034145],"iteration":511,"passed_time":0.1504154542,"remaining_time":0.1433647298},
{"learn":[3.90792379],"iteration":512,"passed_time":0.1506178628,"remaining_time":0.1429842089},
{"learn":[3.907823851],"iteration":513,"passed_time":0.1507857179,"remaining_time":0.1425717099},
{"learn":[3.904527401],"iteration":514,"passed_time":0.1509794125,"remaining_time":0.1421844952},
{"learn":[3.903378283],"iteration":515,"passed_time":0.1511675034,"remaining_time":0.1417927745},
{"learn":[3.902170135],"iteration":516,"passed_time":0.151375523,"remaining_time":0.1414204596},
{"learn":[3.899435429],"iteration":517,"passed_time":0.1515692951,"remaining_time":0.1410355217},
{"learn":[3.897497505],"iteration":518,"passed_time":0.1517531572,"remaining_time":0.140642136},
{"learn":[3.896426119],"iteration":519,"passed_time":0.1519518304,"remaining_time":0.1402632281},
{"learn":[3.896044669],"iteration":520,"passed_time":0.1521216834,"remaining_time":0.1398585151},
{"learn":[3.892795942],"iteration":521,"passed_time":0.152301065,"remaining_time":0.1394634273},
{"learn":[3.892413888],"iteration":522,"passed_time":0.1524796199,"remaining_time":0.1390684105},
{"learn":[3.891738985],"iteration":523,"passed_time":0.1527175887,"remaining_time":0.1387281912},
{"learn":[3.88822057],"iteration":524,"passed_time":0.1529314236,"remaining_time":0.1383665261},
{"learn":[3.883837053],"iteration":525,"passed_time":0.1531304181,"remaining_time":0.1379920497},
{"learn":[3.881769742],"iteration":526,"passed_time":0.1533472892,"remaining_time":0.1376342843},
{"learn":[3.880356898],"iteration":527,"passed_time":0.1535584472,"remaining_time":0.1372719452},
{"learn":[3.879250273],"iteration":528,"passed_time":0.1537604742,"remaining_time":0.1369020479},
{"learn":[3.877174493],"iteration":529,"passed_time":0.1539533495,"remaining_time":0.1365246684},
{"learn":[3.875854201],"iteration":530,"passed_time":0.1541545401,"remaining_time":0.1361553283},
{"learn":[3.873189396],"iteration":531,"passed_time":0.154335969,"remaining_time":0.1357692359},
{"learn":[3.871583368],"iteration":532,"passed_time":0.1545091373,"remaining_time":0.1353766738},
{"learn":[3.869622679],"iteration":533,"passed_time":0.1546914856,"remaining_time":0.1349929444},
{"learn":[3.866860164],"iteration":534,"passed_time":0.1548565836,"remaining_time":0.1345949746},
{"learn":[3.864498444],"iteration":535,"passed_time":0.155028184,"remaining_time":0.1342035026},
{"learn":[3.861416322],"iteration":536,"passed_time":0.1552083295,"remaining_time":0.1338202171},
{"learn":[3.860265769],"iteration":537,"passed_time":0.1553624218,"remaining_time":0.1334153139},
{"learn":[3.859328725],"iteration":538,"passed_time":0.1555383265,"remaining_time":0.1330299972},
{"learn":[3.858521278],"iteration":539,"passed_time":0.1557155767,"remaining_time":0.1326466023},
{"learn":[3.85599111],"iteration":540,"passed_time":0.1558971244,"remaining_time":0.1322676157},
{"learn":[3.852379816],"iteration":541,"passed_time":0.1560711554,"remaining_time":0.1318830059},
{"learn":[3.851327537],"iteration":542,"passed_time":0.1562701779,"remaining_time":0.131520205},
{"learn":[3.847854898],"iteration":543,"passed_time":0.1564557501,"remaining_time":0.1311467317},
{"learn":[3.847083414],"iteration":544,"passed_time":0.1566213749,"remaining_time":0.1307572947},
{"learn":[3.845397429],"iteration":545,"passed_time":0.156794614,"remaining_time":0.1303750087},
{"learn":[3.841933528],"iteration":546,"passed_time":0.156982996,"remaining_time":0.1300060278},
{"learn":[3.840996474],"iteration":547,"passed_time":0.1571614481,"remaining_time":0.1296295156},
{"learn":[3.838355966],"iteration":548,"passed_time":0.1573990052,"remaining_time":0.1293022793},
{"learn":[3.83342799],"iteration":549,"passed_time":0.1576163959,"remaining_time":0.1289588694},
{"learn":[3.828161535],"iteration":550,"passed_time":0.1578243915,"remaining_time":0.1286082609},
{"learn":[3.823502399],"iteration":551,"passed_time":0.1580291699,"remaining_time":0.1282555581},
{"learn":[3.820068862],"iteration":552,"passed_time":0.1582280942,"remaining_time":0.1278986584},
{"learn":[3.817951642],"iteration":553,"passed_time":0.1584380189,"remaining_time":0.1275511849},
{"learn":[3.815785958],"iteration":554,"passed_time":0.1586269431,"remaining_time":0.1271873688},
{"learn":[3.81503012],"iteration":555,"passed_time":0.1588164964,"remaining_time":0.1268246842},
{"learn":[3.813529315],"iteration":556,"passed_time":0.1590272571,"remaining_time":0.1264794881},
{"learn":[3.808881326],"iteration":557,"passed_time":0.1592231612,"remaining_time":0.1261230059},
{"learn":[3.808740434],"iteration":558,"passed_time":0.159430011,"remaining_time":0.1257757332},
{"learn":[3.80714352],"iteration":559,"passed_time":0.1596279263,"remaining_time":0.1254219421},
{"learn":[3.80573346],"iteration":560,"passed_time":0.1598187196,"remaining_time":0.1250631335},
{"learn":[3.803370052],"iteration":561,"passed_time":0.1600090394,"remaining_time":0.1247045539},
{"learn":[3.803215211],"iteration":562,"passed_time":0.1602063665,"remaining_time":0.124352011},
{"learn":[3.801309667],"iteration":563,"passed_time":0.1604054037,"remaining_time":0.1240013405},
{"learn":[3.800003847],"iteration":564,"passed_time":0.1606069092,"remaining_time":0.1236531071},
{"learn":[3.798026138],"iteration":565,"passed_time":0.1608220175,"remaining_time":0.1233158226},
{"learn":[3.794745847],"iteration":566,"passed_time":0.1609986507,"remaining_time":0.1229495869},
{"learn":[3.794312041],"iteration":567,"passed_time":0.1612040027,"remaining_time":0.1226058612},
{"learn":[3.792205926],"iteration":568,"passed_time":0.161387756,"remaining_time":0.1222462616},
{"learn":[3.788991061],"iteration":569,"passed_time":0.1615580216,"remaining_time":0.121877104},
{"learn":[3.787391572],"iteration":570,"passed_time":0.1617272295,"remaining_time":0.1215078484},
{"learn":[3.7826445],"iteration":571,"passed_time":0.1619090424,"remaining_time":0.121148724},
{"learn":[3.781700331],"iteration":572,"passed_time":0.1620816484,"remaining_time":0.1207833575},
{"learn":[3.780045374],"iteration":573,"passed_time":0.1622509765,"remaining_time":0.1204162299},
{"learn":[3.775462644],"iteration":574,"passed_time":0.1624235331,"remaining_time":0.1200521767},
{"learn":[3.773711943],"iteration":575,"passed_time":0.1625884582,"remaining_time":0.1196831706},
{"learn":[3.772415806],"iteration":576,"passed_time":0.162762809,"remaining_time":0.119321782},
{"learn":[3.770170875],"iteration":577,"passed_time":0.1629393988,"remaining_time":0.1189626752},
{"learn":[3.765166479],"iteration":578,"passed_time":0.1631087229,"remaining_time":0.1185989159},
{"learn":[3.763976102],"iteration":579,"passed_time":0.1632765726,"remaining_time":0.1182347595},
{"learn":[3.760761708],"iteration":580,"passed_time":0.1634731104,"remaining_time":0.1178919678},
{"learn":[3.758155662],"iteration":581,"passed_time":0.1636573111,"remaining_time":0.1175408179},
{"learn":[3.756844548],"iteration":582,"passed_time":0.1638410464,"remaining_time":0.1171899079},
{"learn":[3.753098923],"iteration":583,"passed_time":0.1640263601,"remaining_time":0.1168406949},
{"learn":[3.751618946],"iteration":584,"passed_time":0.1642121327,"remaining_time":0.1164923676},
{"learn":[3.751398464],"iteration":585,"passed_time":0.1643909888,"remaining_time":0.1161397088},
{"learn":[3.749920103],"iteration":586,"passed_time":0.1645675231,"remaining_time":0.1157860086},
{"learn":[3.748237465],"iteration":587,"passed_time":0.1647489113,"remaining_time":0.115436312},
{"learn":[3.746021536],"iteration":588,"passed_time":0.1649288825,"remaining_time":0.1150861981},
{"learn":[3.74417648],"iteration":589,"passed_time":0.1651074574,"remaining_time":0.1147356908},
{"learn":[3.738788389],"iteration":590,"passed_time":0.1652943631,"remaining_time":0.1143915305},
{"learn":[3.736021611],"iteration":591,"passed_time":0.1655021604,"remaining_time":0.1140622997},
{"learn":[3.734546151],"iteration":592,"passed_time":0.1656804442,"remaining_time":0.1137132222},
{"learn":[3.733527479],"iteration":593,"passed_time":0.1658547369,"remaining_time":0.1133619919},
{"learn":[3.733026392],"iteration":594,"passed_time":0.1662432964,"remaining_time":0.1131572017},
{"learn":[3.730314752],"iteration":595,"passed_time":0.1664516178,"remaining_time":0.1128296201},
{"learn":[3.727342596],"iteration":596,"passed_time":0.1666777622,"remaining_time":0.1125144693},
{"learn":[3.725459604],"iteration":597,"passed_time":0.1668786423,"remaining_time":0.1121826325},
{"learn":[3.723158842],"iteration":598,"passed_time":0.1670544629,"remaining_time":0.1118344568},
{"learn":[3.722362756],"iteration":599,"passed_time":0.1672363485,"remaining_time":0.111490899},
{"learn":[3.721443615],"iteration":600,"passed_time":0.1673979014,"remaining_time":0.1111343805},
{"learn":[3.720743486],"iteration":601,"passed_time":0.1675799126,"remaining_time":0.1107920352},
{"learn":[3.720215334],"iteration":602,"passed_time":0.1677714611,"remaining_time":0.1104565009},
{"learn":[3.719436563],"iteration":603,"passed_time":0.167945657,"remaining_time":0.1101100665},
{"learn":[3.715046574],"iteration":604,"passed_time":0.1681128924,"remaining_time":0.109759657},
{"learn":[3.71443396],"iteration":605,"passed_time":0.1683241429,"remaining_time":0.1094384691},
{"learn":[3.712938941],"iteration":606,"passed_time":0.1685464444,"remaining_time":0.1091247985},
{"learn":[3.712814764],"iteration":607,"passed_time":0.1687273992,"remaining_time":0.1087847706},
{"learn":[3.71235348],"iteration":608,"passed_time":0.1689087934,"remaining_time":0.1084455471},
{"learn":[3.711223749],"iteration":609,"passed_time":0.1690774137,"remaining_time":0.1080986743},
{"learn":[3.710755648],"iteration":610,"passed_time":0.1692479043,"remaining_time":0.1077535757},
{"learn":[3.708668039],"iteration":611,"passed_time":0.1694838244,"remaining_time":0.1074505292},
{"learn":[3.705623591],"iteration":612,"passed_time":0.169670438,"remaining_time":0.1071165734},
{"learn":[3.704045802],"iteration":613,"passed_time":0.169849883,"remaining_time":0.106778591},
{"learn":[3.699915209],"iteration":614,"passed_time":0.1700290309,"remaining_time":0.106440938},
{"learn":[3.696182221],"iteration":615,"passed_time":0.1701940134,"remaining_time":0.1060949694},
{"learn":[3.694263278],"iteration":616,"passed_time":0.1703677646,"remaining_time":0.1057550305},
{"learn":[3.693810229],"iteration":617,"passed_time":0.1705414483,"remaining_time":0.1054155878},
{"learn":[3.690900932],"iteration":618,"passed_time":0.1707035161,"remaining_time":0.1050695309},
{"learn":[3.688020895],"iteration":619,"passed_time":0.1709280483,"remaining_time":0.1047623522},
{"learn":[3.685491894],"iteration":620,"passed_time":0.1711351177,"remaining_time":0.104444782},
{"learn":[3.684328128],"iteration":621,"passed_time":0.1713027457,"remaining_time":0.1041035979},
{"learn":[3.680640153],"iteration":622,"passed_time":0.1714898203,"remaining_time":0.1037747388},
{"learn":[3.678932783],"iteration":623,"passed_time":0.1716717447,"remaining_time":0.1034432308},
{"learn":[3.674167041],"iteration":624,"passed_time":0.1718459359,"remaining_time":0.1031075616},
{"learn":[3.672200976],"iteration":625,"passed_time":0.1720838169,"remaining_time":0.1028104593},
{"learn":[3.670606604],"iteration":626,"passed_time":0.1723159629,"remaining_time":0.1025101342},
{"learn":[3.665506042],"iteration":627,"passed_time":0.1725342978,"remaining_time":0.1022018452},
{"learn":[3.664214007],"iteration":628,"passed_time":0.1727331012,"remaining_time":0.101882322},
{"learn":[3.66261643],"iteration":629,"passed_time":0.1729434509,"remaining_time":0.1015699633},
{"learn":[3.662118449],"iteration":630,"passed_time":0.1731385798,"remaining_time":0.1012490269},
{"learn":[3.660871366],"iteration":631,"passed_time":0.1733231431,"remaining_time":0.1009223365},
{"learn":[3.656695243],"iteration":632,"passed_time":0.1735044378,"remaining_time":0.1005942001},
{"learn":[3.654497801],"iteration":633,"passed_time":0.1736787285,"remaining_time":0.1002624836},
{"learn":[3.654189134],"iteration":634,"passed_time":0.1738564387,"remaining_time":0.09993322857},
{"learn":[3.653957699],"iteration":635,"passed_time":0.1740176198,"remaining_time":0.09959498993},
{"learn":[3.651920725],"iteration":636,"passed_time":0.1741783307,"remaining_time":0.09925703931},
{"learn":[3.65106705],"iteration":637,"passed_time":0.1743488053,"remaining_time":0.0989251842},
{"learn":[3.650612844],"iteration":638,"passed_time":0.1745334013,"remaining_time":0.09860181198},
{"learn":[3.649884732],"iteration":639,"passed_time":0.1747225405,"remaining_time":0.09828142906},
{"learn":[3.646276182],"iteration":640,"passed_time":0.174898532,"remaining_time":0.09795409204},
{"learn":[3.645808194],"iteration":641,"passed_time":0.175072344,"remaining_time":0.09762601114},
{"learn":[3.645042989],"iteration":642,"passed_time":0.1752440846,"remaining_time":0.09729726006},
{"learn":[3.639864499],"iteration":643,"passed_time":0.1754231698,"remaining_time":0.09697305658},
{"learn":[3.637318478],"iteration":644,"passed_time":0.1756275976,"remaining_time":0.0966632514},
{"learn":[3.636344905],"iteration":645,"passed_time":0.1758388003,"remaining_time":0.09635748501},
{"learn":[3.634754643],"iteration":646,"passed_time":0.1760310913,"remaining_time":0.0960416928},
{"learn":[3.630724975],"iteration":647,"passed_time":0.1762102893,"remaining_time":0.0957191695},
{"learn":[3.629408252],"iteration":648,"passed_time":0.1763632698,"remaining_time":0.09538290863},
{"learn":[3.62790646],"iteration":649,"passed_time":0.1765299717,"remaining_time":0.09505460014},
{"learn":[3.627388973],"iteration":650,"passed_time":0.1766999669,"remaining_time":0.09472855367},
{"learn":[3.625163557],"iteration":651,"passed_time":0.1768849414,"remaining_time":0.09441098102},
{"learn":[3.623701985],"iteration":652,"passed_time":0.1770626971,"remaining_time":0.0940899784},
{"learn":[3.622342639],"iteration":653,"passed_time":0.1772437981,"remaining_time":0.09377118371},
{"learn":[3.621130639],"iteration":654,"passed_time":0.1774652693,"remaining_time":0.09347407317},
{"learn":[3.619125665],"iteration":655,"passed_time":0.1776883161,"remaining_time":0.09317801942},
{"learn":[3.618878783],"iteration":656,"passed_time":0.1778601128,"remaining_time":0.09285543182},
{"learn":[3.616207429],"iteration":657,"passed_time":0.1780419564,"remaining_time":0.09253852445},
{"learn":[3.61206486],"iteration":658,"passed_time":0.1782275533,"remaining_time":0.09222396917},
{"learn":[3.611955873],"iteration":659,"passed_time":0.1784020163,"remaining_time":0.09190406902},
{"learn":[3.610713743],"iteration":660,"passed_time":0.1785717137,"remaining_time":0.09158216482},
{"learn":[3.610044025],"iteration":661,"passed_time":0.1787515894,"remaining_time":0.09126591726},
{"learn":[3.607342669],"iteration":662,"passed_time":0.178918501,"remaining_time":0.09094349145},
{"learn":[3.602510618],"iteration":663,"passed_time":0.1791009548,"remaining_time":0.09062939883},
{"learn":[3.600492392],"iteration":664,"passed_time":0.1792703651,"remaining_time":0.09030913128},
{"learn":[3.597171065],"iteration":665,"passed_time":0.1794437637,"remaining_time":0.08999131694},
{"learn":[3.594358798],"iteration":666,"passed_time":0.1796085879,"remaining_time":0.08966965484},
{"learn":[3.593945251],"iteration":667,"passed_time":0.1797898859,"remaining_time":0.08935664989},
{"learn":[3.593607748],"iteration":668,"passed_time":0.1799644778,"remaining_time":0.08904072072},
{"learn":[3.592238714],"iteration":669,"passed_time":0.1801351948,"remaining_time":0.08872330492},
{"learn":[3.590144654],"iteration":670,"passed_time":0.1803064661,"remaining_time":0.08840659811},
{"learn":[3.587151536],"iteration":671,"passed_time":0.1805189889,"remaining_time":0.08811045887},
{"learn":[3.586070865],"iteration":672,"passed_time":0.1807142407,"remaining_time":0.08780617637},
{"learn":[3.585102746],"iteration":673,"passed_time":0.1808957624,"remaining_time":0.08749557646},
{"learn":[3.584362847],"iteration":674,"passed_time":0.1811180108,"remaining_time":0.08720496819},
{"learn":[3.581407561],"iteration":675,"passed_time":0.1813093977,"remaining_time":0.08689977051},
{"learn":[3.57919422],"iteration":676,"passed_time":0.1814898778,"remaining_time":0.08658970534},
{"learn":[3.577632204],"iteration":677,"passed_time":0.1816640236,"remaining_time":0.08627701416},
{"learn":[3.573911195],"iteration":678,"passed_time":0.1818452608,"remaining_time":0.08596808355},
{"learn":[3.573408216],"iteration":679,"passed_time":0.18201567,"remaining_time":0.08565443295},
{"learn":[3.571076482],"iteration":680,"passed_time":0.1821955544,"remaining_time":0.0853456415},
{"learn":[3.568177107],"iteration":681,"passed_time":0.1823649366,"remaining_time":0.08503233115},
{"learn":[3.564824621],"iteration":682,"passed_time":0.1825490124,"remaining_time":0.08472626199},
{"learn":[3.562475026],"iteration":683,"passed_time":0.1827188246,"remaining_time":0.08441395992},
{"learn":[3.561226889],"iteration":684,"passed_time":0.1828950752,"remaining_time":0.08410503458},
{"learn":[3.559383467],"iteration":685,"passed_time":0.1830691443,"remaining_time":0.08379549752},
{"learn":[3.555209766],"iteration":686,"passed_time":0.1832979466,"remaining_time":0.08351129154},
{"learn":[3.55345383],"iteration":687,"passed_time":0.1834745651,"remaining_time":0.08320358184},
{"learn":[3.552300968],"iteration":688,"passed_time":0.1836392865,"remaining_time":0.08289088256},
{"learn":[3.551253986],"iteration":689,"passed_time":0.1837994151,"remaining_time":0.08257654882},
{"learn":[3.549807725],"iteration":690,"passed_time":0.1839612378,"remaining_time":0.08226341894},
{"learn":[3.547992926],"iteration":691,"passed_time":0.1841374937,"remaining_time":0.08195715038},
{"learn":[3.545438607],"iteration":692,"passed_time":0.1843019106,"remaining_time":0.08164601234},
{"learn":[3.543313763],"iteration":693,"passed_time":0.1844737354,"remaining_time":0.08133856344},
{"learn":[3.542962896],"iteration":694,"passed_time":0.1846415337,"remaining_time":0.08102973781},
{"learn":[3.539800465],"iteration":695,"passed_time":0.1848425868,"remaining_time":0.0807358425},
{"learn":[3.53953187],"iteration":696,"passed_time":0.185011802,"remaining_time":0.08042837305},
{"learn":[3.536332425],"iteration":697,"passed_time":0.1851821865,"remaining_time":0.08012180562},
{"learn":[3.534993327],"iteration":698,"passed_time":0.1853534698,"remaining_time":0.07981601487},
{"learn":[3.531637011],"iteration":699,"passed_time":0.1855259222,"remaining_time":0.07951110952},
{"learn":[3.531040284],"iteration":700,"passed_time":0.1856971307,"remaining_time":0.07920605146},
{"learn":[3.529973872],"iteration":701,"passed_time":0.1858639568,"remaining_time":0.07889951441},
{"learn":[3.527325183],"iteration":702,"passed_time":0.1860490495,"remaining_time":0.07860109205},
{"learn":[3.527200815],"iteration":703,"passed_time":0.1862222171,"remaining_time":0.07829797766},
{"learn":[3.523459911],"iteration":704,"passed_time":0.1864438379,"remaining_time":0.07801550665},
{"learn":[3.522729934],"iteration":705,"passed_time":0.1866215662,"remaining_time":0.07771492984},
{"learn":[3.522260582],"iteration":706,"passed_time":0.1867997232,"remaining_time":0.0774148782},
{"learn":[3.518641591],"iteration":707,"passed_time":0.1869913191,"remaining_time":0.07712071351},
{"learn":[3.516856405],"iteration":708,"passed_time":0.1871718659,"remaining_time":0.07682230319},
{"learn":[3.515083413],"iteration":709,"passed_time":0.1873498626,"remaining_time":0.0765231833},
{"learn":[3.514671214],"iteration":710,"passed_time":0.1875147295,"remaining_time":0.07621906726},
{"learn":[3.512617621],"iteration":711,"passed_time":0.1876872868,"remaining_time":0.07591845308},
{"learn":[3.510747971],"iteration":712,"passed_time":0.187856241,"remaining_time":0.07561674776},
{"learn":[3.508149266],"iteration":713,"passed_time":0.1880216948,"remaining_time":0.07531401222},
{"learn":[3.504557165],"iteration":714,"passed_time":0.1881922062,"remaining_time":0.07501367659},
{"learn":[3.501367208],"iteration":715,"passed_time":0.1883667086,"remaining_time":0.07471528665},
{"learn":[3.497593362],"iteration":716,"passed_time":0.188538892,"remaining_time":0.07441632695},
{"learn":[3.496291169],"iteration":717,"passed_time":0.1887124034,"remaining_time":0.07411824202},
{"learn":[3.49330374],"iteration":718,"passed_time":0.1888764217,"remaining_time":0.07381679345},
{"learn":[3.490044385],"iteration":719,"passed_time":0.1890480829,"remaining_time":0.07351869889},
{"learn":[3.488891789],"iteration":720,"passed_time":0.1892083992,"remaining_time":0.073216565},
{"learn":[3.486869081],"iteration":721,"passed_time":0.1893807154,"remaining_time":0.07291944443},
{"learn":[3.486303638],"iteration":722,"passed_time":0.1895436058,"remaining_time":0.07261905783},
{"learn":[3.486035862],"iteration":723,"passed_time":0.1897137793,"remaining_time":0.07232182746},
{"learn":[3.482668951],"iteration":724,"passed_time":0.1898883505,"remaining_time":0.0720266157},
{"learn":[3.47820549],"iteration":725,"passed_time":0.1900602173,"remaining_time":0.07173071563},
{"learn":[3.474392283],"iteration":726,"passed_time":0.1902163342,"remaining_time":0.07142924242},
{"learn":[3.472268163],"iteration":727,"passed_time":0.1903962901,"remaining_time":0.07113707541},
{"learn":[3.471209164],"iteration":728,"passed_time":0.1906265878,"remaining_time":0.07086393045},
{"learn":[3.470049971],"iteration":729,"passed_time":0.1908468975,"remaining_time":0.07058720867},
{"learn":[3.469078654],"iteration":730,"passed_time":0.1911026248,"remaining_time":0.07032367451},
{"learn":[3.468643292],"iteration":731,"passed_time":0.1913108327,"remaining_time":0.07004276388},
{"learn":[3.468134848],"iteration":732,"passed_time":0.1915234193,"remaining_time":0.0697636466},
{"learn":[3.467820182],"iteration":733,"passed_time":0.1917035922,"remaining_time":0.06947296393},
{"learn":[3.465776156],"iteration":734,"passed_time":0.1919032657,"remaining_time":0.06918961281},
{"learn":[3.463037608],"iteration":735,"passed_time":0.1920945104,"remaining_time":0.06890346568},
{"learn":[3.45965637],"iteration":736,"passed_time":0.1922582976,"remaining_time":0.06860777783},
{"learn":[3.457275091],"iteration":737,"passed_time":0.1924316254,"remaining_time":0.06831583451},
{"learn":[3.455522955],"iteration":738,"passed_time":0.1926097123,"remaining_time":0.06802589297},
{"learn":[3.451270508],"iteration":739,"passed_time":0.1927757204,"remaining_time":0.06773200987},
{"learn":[3.450978947],"iteration":740,"passed_time":0.1929540122,"remaining_time":0.06744276541},
{"learn":[3.450608492],"iteration":741,"passed_time":0.1931203455,"remaining_time":0.06714966192},
{"learn":[3.448122004],"iteration":742,"passed_time":0.1932905477,"remaining_time":0.0668582379},
{"learn":[3.445646714],"iteration":743,"passed_time":0.1934654347,"remaining_time":0.06656875174},
{"learn":[3.44411263],"iteration":744,"passed_time":0.1936302983,"remaining_time":0.06627614238},
{"learn":[3.443264164],"iteration":745,"passed_time":0.1937879196,"remaining_time":0.06598140963},
{"learn":[3.439521363],"iteration":746,"passed_time":0.1939704022,"remaining_time":0.0656954642},
{"learn":[3.436809225],"iteration":747,"passed_time":0.1941390899,"remaining_time":0.06540514795},
{"learn":[3.435509465],"iteration":748,"passed_time":0.194299662,"remaining_time":0.06511243679},
{"learn":[3.434450277],"iteration":749,"passed_time":0.1944838406,"remaining_time":0.06482794687},
{"learn":[3.431786753],"iteration":750,"passed_time":0.1946582743,"remaining_time":0.06454049306},
{"learn":[3.430150302],"iteration":751,"passed_time":0.1948241101,"remaining_time":0.06425050439},
{"learn":[3.42696281],"iteration":752,"passed_time":0.1949912567,"remaining_time":0.06396127543},
{"learn":[3.426870334],"iteration":753,"passed_time":0.1951609527,"remaining_time":0.06367320208},
{"learn":[3.425200309],"iteration":754,"passed_time":0.1953525773,"remaining_time":0.0633925582},
{"learn":[3.423383783],"iteration":755,"passed_time":0.1955298722,"remaining_time":0.0631075249},
{"learn":[3.422752979],"iteration":756,"passed_time":0.1957318087,"remaining_time":0.06283068629},
{"learn":[3.420845924],"iteration":757,"passed_time":0.1959136596,"remaining_time":0.06254763276},
{"learn":[3.418917862],"iteration":758,"passed_time":0.1961142787,"remaining_time":0.06227080522},
{"learn":[3.417095735],"iteration":759,"passed_time":0.1962837537,"remaining_time":0.06198434327},
{"learn":[3.414391848],"iteration":760,"passed_time":0.1964600663,"remaining_time":0.06170033621},
{"learn":[3.41426711],"iteration":761,"passed_time":0.1966359837,"remaining_time":0.06141648835},
{"learn":[3.411976013],"iteration":762,"passed_time":0.1968164824,"remaining_time":0.06113434644},
{"learn":[3.408614844],"iteration":763,"passed_time":0.1969918456,"remaining_time":0.06085088423},
{"learn":[3.407906721],"iteration":764,"passed_time":0.1971924599,"remaining_time":0.06057546155},
{"learn":[3.407494015],"iteration":765,"passed_time":0.197369634,"remaining_time":0.06029307357},
{"learn":[3.406287128],"iteration":766,"passed_time":0.1975348295,"remaining_time":0.06000732107},
{"learn":[3.404600442],"iteration":767,"passed_time":0.1977184605,"remaining_time":0.05972745162},
{"learn":[3.404012662],"iteration":768,"passed_time":0.197893801,"remaining_time":0.05944534204},
{"learn":[3.400398762],"iteration":769,"passed_time":0.1980503445,"remaining_time":0.05915789512},
{"learn":[3.399737714],"iteration":770,"passed_time":0.1982036249,"remaining_time":0.05886981854},
{"learn":[3.399185251],"iteration":771,"passed_time":0.1983830672,"remaining_time":0.05858981778},
{"learn":[3.397245411],"iteration":772,"passed_time":0.1985688805,"remaining_time":0.05831194808},
{"learn":[3.396229831],"iteration":773,"passed_time":0.1987333394,"remaining_time":0.05802808102},
{"learn":[3.394002836],"iteration":774,"passed_time":0.1989044557,"remaining_time":0.05774645489},
{"learn":[3.389617243],"iteration":775,"passed_time":0.1990830521,"remaining_time":0.05746727276},
{"learn":[3.385426488],"iteration":776,"passed_time":0.1992389699,"remaining_time":0.0571818408},
{"learn":[3.385072258],"iteration":777,"passed_time":0.1994036479,"remaining_time":0.05689924144},
{"learn":[3.383842366],"iteration":778,"passed_time":0.1996008154,"remaining_time":0.05662616201},
{"learn":[3.380110746],"iteration":779,"passed_time":0.1997694718,"remaining_time":0.05634523563},
{"learn":[3.378595218],"iteration":780,"passed_time":0.1999379271,"remaining_time":0.05606454039},
{"learn":[3.377371219],"iteration":781,"passed_time":0.200142388,"remaining_time":0.05579416956},
{"learn":[3.375814782],"iteration":782,"passed_time":0.2003677248,"remaining_time":0.0555297526},
{"learn":[3.374195887],"iteration":783,"passed_time":0.2005833026,"remaining_time":0.05526274663},
{"learn":[3.373704309],"iteration":784,"passed_time":0.2008000809,"remaining_time":0.05499620051},
{"learn":[3.372971757],"iteration":785,"passed_time":0.2009990133,"remaining_time":0.05472492219},
{"learn":[3.371565136],"iteration":786,"passed_time":0.2012102187,"remaining_time":0.0544571494},
{"learn":[3.3700309],"iteration":787,"passed_time":0.2014243067,"remaining_time":0.05419029571},
{"learn":[3.368186663],"iteration":788,"passed_time":0.2016369484,"remaining_time":0.05392318899},
{"learn":[3.366710398],"iteration":789,"passed_time":0.2018421769,"remaining_time":0.05365424955},
{"learn":[3.364598042],"iteration":790,"passed_time":0.2020323184,"remaining_time":0.0533814849},
{"learn":[3.36348442],"iteration":791,"passed_time":0.2022514242,"remaining_time":0.05311653565},
{"learn":[3.362001759],"iteration":792,"passed_time":0.2024598845,"remaining_time":0.0528489232},
{"learn":[3.361580401],"iteration":793,"passed_time":0.2026344083,"remaining_time":0.05257265505},
{"learn":[3.359543675],"iteration":794,"passed_time":0.2028032303,"remaining_time":0.05229517258},
{"learn":[3.35766119],"iteration":795,"passed_time":0.2029946232,"remaining_time":0.05202374764},
{"learn":[3.354592969],"iteration":796,"passed_time":0.2031701425,"remaining_time":0.05174848047},
{"learn":[3.350985986],"iteration":797,"passed_time":0.2033327365,"remaining_time":0.05147019144},
{"learn":[3.349589624],"iteration":798,"passed_time":0.2035145597,"remaining_time":0.05119702941},
{"learn":[3.349110856],"iteration":799,"passed_time":0.2037513886,"remaining_time":0.05093784715},
{"learn":[3.345315441],"iteration":800,"passed_time":0.2039547621,"remaining_time":0.05067040905},
{"learn":[3.34397474],"iteration":801,"passed_time":0.2041604483,"remaining_time":0.05040370169},
{"learn":[3.343800902],"iteration":802,"passed_time":0.2043722386,"remaining_time":0.05013864384},
{"learn":[3.342329465],"iteration":803,"passed_time":0.2045959107,"remaining_time":0.04987661505},
{"learn":[3.34220347],"iteration":804,"passed_time":0.2048197043,"remaining_time":0.04961471099},
{"learn":[3.341279219],"iteration":805,"passed_time":0.205029643,"remaining_time":0.04934956668},
{"learn":[3.337329521],"iteration":806,"passed_time":0.2052378456,"remaining_time":0.04908414399},
{"learn":[3.336708453],"iteration":807,"passed_time":0.2054578094,"remaining_time":0.04882165768},
{"learn":[3.333252703],"iteration":808,"passed_time":0.2056547412,"remaining_time":0.04855383878},
{"learn":[3.332186769],"iteration":809,"passed_time":0.2058400136,"remaining_time":0.04828345998},
{"learn":[3.330594851],"iteration":810,"passed_time":0.2060273299,"remaining_time":0.0480137674},
{"learn":[3.327867442],"iteration":811,"passed_time":0.2062707054,"remaining_time":0.04775725691},
{"learn":[3.327563111],"iteration":812,"passed_time":0.2064962345,"remaining_time":0.04749667386},
{"learn":[3.326308994],"iteration":813,"passed_time":0.2067094785,"remaining_time":0.04723336977},
{"learn":[3.326249879],"iteration":814,"passed_time":0.206914976,"remaining_time":0.04696843014},
{"learn":[3.322336238],"iteration":815,"passed_time":0.2071156101,"remaining_time":0.04670253953},
{"learn":[3.320491154],"iteration":816,"passed_time":0.2073041818,"remaining_time":0.04643410682},
{"learn":[3.320434271],"iteration":817,"passed_time":0.2074765214,"remaining_time":0.04616225782},
{"learn":[3.319609638],"iteration":818,"passed_time":0.2076605879,"remaining_time":0.04589324347},
{"learn":[3.316182682],"iteration":819,"passed_time":0.2078188649,"remaining_time":0.04561877522},
{"learn":[3.313126612],"iteration":820,"passed_time":0.2079677508,"remaining_time":0.0453425425},
{"learn":[3.311222803],"iteration":821,"passed_time":0.2081449516,"remaining_time":0.04507275107},
{"learn":[3.309627335],"iteration":822,"passed_time":0.2083259905,"remaining_time":0.0448040101},
{"learn":[3.307974895],"iteration":823,"passed_time":0.2085100055,"remaining_time":0.04453611768},
{"learn":[3.307321505],"iteration":824,"passed_time":0.2086790839,"remaining_time":0.04426526022},
{"learn":[3.306759087],"iteration":825,"passed_time":0.208862295,"remaining_time":0.0439976263},
{"learn":[3.30484037],"iteration":826,"passed_time":0.2090349631,"remaining_time":0.04372799107},
{"learn":[3.30201994],"iteration":827,"passed_time":0.2092162384,"remaining_time":0.04346037803},
{"learn":[3.299302297],"iteration":828,"passed_time":0.2093957061,"remaining_time":0.04319260042},
{"learn":[3.298132671],"iteration":829,"passed_time":0.2095698887,"remaining_time":0.04292395311},
{"learn":[3.296976183],"iteration":830,"passed_time":0.2097549314,"remaining_time":0.04265774177},
{"learn":[3.293144745],"iteration":831,"passed_time":0.2099256357,"remaining_time":0.04238883029},
{"learn":[3.290284404],"iteration":832,"passed_time":0.2100973757,"remaining_time":0.04212036224},
{"learn":[3.288285745],"iteration":833,"passed_time":0.2102838534,"remaining_time":0.04185505954},
{"learn":[3.286662667],"iteration":834,"passed_time":0.2104533711,"remaining_time":0.04158659429},
{"learn":[3.285692682],"iteration":835,"passed_time":0.2106339767,"remaining_time":0.04132054088},
{"learn":[3.284565611],"iteration":836,"passed_time":0.2108133656,"remaining_time":0.04105445471},
{"learn":[3.283897383],"iteration":837,"passed_time":0.2109871395,"remaining_time":0.04078748998},
{"learn":[3.280712855],"iteration":838,"passed_time":0.2111694886,"remaining_time":0.04052239292},
{"learn":[3.280468341],"iteration":839,"passed_time":0.2113374959,"remaining_time":0.04025476112},
{"learn":[3.277814895],"iteration":840,"passed_time":0.2115175586,"remaining_time":0.03998964543},
{"learn":[3.276316385],"iteration":841,"passed_time":0.2116823006,"remaining_time":0.03972185689},
{"learn":[3.27557063],"iteration":842,"passed_time":0.2118555858,"remaining_time":0.03945590387},
{"learn":[3.27499628],"iteration":843,"passed_time":0.2120266573,"remaining_time":0.03918976131},
{"learn":[3.273569958],"iteration":844,"passed_time":0.2122132532,"remaining_time":0.03892669141},
{"learn":[3.269665595],"iteration":845,"passed_time":0.2123749537,"remaining_time":0.03865927053},
{"learn":[3.267984685],"iteration":846,"passed_time":0.2125441015,"remaining_time":0.03839344455},
{"learn":[3.267702508],"iteration":847,"passed_time":0.2127062775,"remaining_time":0.0381265969},
{"learn":[3.266671924],"iteration":848,"passed_time":0.2128922924,"remaining_time":0.03786423575},
{"learn":[3.265359825],"iteration":849,"passed_time":0.2130647448,"remaining_time":0.03759966085},
{"learn":[3.2618983],"iteration":850,"passed_time":0.2132916678,"remaining_time":0.03734483961},
{"learn":[3.260456253],"iteration":851,"passed_time":0.2135001869,"remaining_time":0.03708688693},
{"learn":[3.258389147],"iteration":852,"passed_time":0.2136778918,"remaining_time":0.03682373985},
{"learn":[3.258108469],"iteration":853,"passed_time":0.2138406607,"remaining_time":0.03655823942},
{"learn":[3.256424936],"iteration":854,"passed_time":0.2140331594,"remaining_time":0.03629802118},
{"learn":[3.254817983],"iteration":855,"passed_time":0.2142173948,"remaining_time":0.03603657108},
{"learn":[3.253898449],"iteration":856,"passed_time":0.2143827144,"remaining_time":0.03577214488},
{"learn":[3.253023652],"iteration":857,"passed_time":0.2145576983,"remaining_time":0.03550954913},
{"learn":[3.252845542],"iteration":858,"passed_time":0.2147238773,"remaining_time":0.03524571211},
{"learn":[3.252316026],"iteration":859,"passed_time":0.2148888965,"remaining_time":0.03498191339},
{"learn":[3.24975301],"iteration":860,"passed_time":0.2150643892,"remaining_time":0.03472003496},
{"learn":[3.249151075],"iteration":861,"passed_time":0.2152190137,"remaining_time":0.03445501611},
{"learn":[3.246257135],"iteration":862,"passed_time":0.2154414658,"remaining_time":0.03420102064},
{"learn":[3.243826471],"iteration":863,"passed_time":0.2156104247,"remaining_time":0.03393867796},
{"learn":[3.243190653],"iteration":864,"passed_time":0.2158016646,"remaining_time":0.03368002859},
{"learn":[3.24008797],"iteration":865,"passed_time":0.2159851048,"remaining_time":0.03342032799},
{"learn":[3.240036811],"iteration":866,"passed_time":0.2161612438,"remaining_time":0.03315968331},
{"learn":[3.238676314],"iteration":867,"passed_time":0.2163331975,"remaining_time":0.03289859685},
{"learn":[3.237848782],"iteration":868,"passed_time":0.2165063524,"remaining_time":0.03263789662},
{"learn":[3.236405498],"iteration":869,"passed_time":0.2166747964,"remaining_time":0.03237669371},
{"learn":[3.233378068],"iteration":870,"passed_time":0.2168586412,"remaining_time":0.03211798474},
{"learn":[3.233169169],"iteration":871,"passed_time":0.217028195,"remaining_time":0.03185734972},
{"learn":[3.232434885],"iteration":872,"passed_time":0.2172322278,"remaining_time":0.03160193922},
{"learn":[3.229978115],"iteration":873,"passed_time":0.217462347,"remaining_time":0.031350407},
{"learn":[3.229648848],"iteration":874,"passed_time":0.2176761459,"remaining_time":0.03109659227},
{"learn":[3.227208761],"iteration":875,"passed_time":0.2178910425,"remaining_time":0.03084302429},
{"learn":[3.226258869],"iteration":876,"passed_time":0.2180996922,"remaining_time":0.03058866834},
{"learn":[3.225331995],"iteration":877,"passed_time":0.2183207724,"remaining_time":0.03033614378},
{"learn":[3.221968268],"iteration":878,"passed_time":0.2185537298,"remaining_time":0.03008532572},
{"learn":[3.221166317],"iteration":879,"passed_time":0.2187595479,"remaining_time":0.02983084744},
{"learn":[3.220047503],"iteration":880,"passed_time":0.2189657319,"remaining_time":0.02957652905},
{"learn":[3.21982781],"iteration":881,"passed_time":0.2191804452,"remaining_time":0.02932346093},
{"learn":[3.216693405],"iteration":882,"passed_time":0.2193651751,"remaining_time":0.02906650678},
{"learn":[3.214798761],"iteration":883,"passed_time":0.2195418844,"remaining_time":0.02880866356},
{"learn":[3.214395085],"iteration":884,"passed_time":0.2197671791,"remaining_time":0.02855731706},
{"learn":[3.213470696],"iteration":885,"passed_time":0.2199281344,"remaining_time":0.02829775093},
{"learn":[3.211595017],"iteration":886,"passed_time":0.220107741,"remaining_time":0.02804078324},
{"learn":[3.210965255],"iteration":887,"passed_time":0.220301674,"remaining_time":0.02778579672},
{"learn":[3.209413583],"iteration":888,"passed_time":0.2204756209,"remaining_time":0.0275284521},
{"learn":[3.208331683],"iteration":889,"passed_time":0.2206496479,"remaining_time":0.02727130479},
{"learn":[3.207110711],"iteration":890,"passed_time":0.2208097458,"remaining_time":0.02701264006},
{"learn":[3.204519413],"iteration":891,"passed_time":0.2209956699,"remaining_time":0.02675732326},
{"learn":[3.201421296],"iteration":892,"passed_time":0.2211883863,"remaining_time":0.02650297573},
{"learn":[3.200691259],"iteration":893,"passed_time":0.2213828528,"remaining_time":0.02624897359},
{"learn":[3.200485067],"iteration":894,"passed_time":0.2215496528,"remaining_time":0.02599185871},
{"learn":[3.197467568],"iteration":895,"passed_time":0.2217433661,"remaining_time":0.02573806928},
{"learn":[3.195838544],"iteration":896,"passed_time":0.2219324159,"remaining_time":0.0254838783},
{"learn":[3.195671746],"iteration":897,"passed_time":0.2221213715,"remaining_time":0.02522982171},
{"learn":[3.194213094],"iteration":898,"passed_time":0.2223257393,"remaining_time":0.02497764145},
{"learn":[3.192884691],"iteration":899,"passed_time":0.2225637691,"remaining_time":0.02472930768},
{"learn":[3.188364239],"iteration":900,"passed_time":0.2227537264,"remaining_time":0.02447571466},
{"learn":[3.185219478],"iteration":901,"passed_time":0.2229463486,"remaining_time":0.02422255228},
{"learn":[3.184120387],"iteration":902,"passed_time":0.2231312971,"remaining_time":0.02396869969},
{"learn":[3.183725321],"iteration":903,"passed_time":0.2233159872,"remaining_time":0.0237149721},
{"learn":[3.181264554],"iteration":904,"passed_time":0.2235042177,"remaining_time":0.02346176871},
{"learn":[3.180741589],"iteration":905,"passed_time":0.2236821683,"remaining_time":0.02320764219},
{"learn":[3.179782639],"iteration":906,"passed_time":0.2238544358,"remaining_time":0.02295310092},
{"learn":[3.176377564],"iteration":907,"passed_time":0.2240235049,"remaining_time":0.02269841679},
{"learn":[3.174078182],"iteration":908,"passed_time":0.2242049364,"remaining_time":0.02244515865},
{"learn":[3.171242379],"iteration":909,"passed_time":0.2243715575,"remaining_time":0.0221905936},
{"learn":[3.170421012],"iteration":910,"passed_time":0.2245528889,"remaining_time":0.02193765874},
{"learn":[3.170087224],"iteration":911,"passed_time":0.224740497,"remaining_time":0.02168548656},
{"learn":[3.167303059],"iteration":912,"passed_time":0.2249097984,"remaining_time":0.02143171135},
{"learn":[3.16705966],"iteration":913,"passed_time":0.2250820199,"remaining_time":0.02117839574},
{"learn":[3.165667683],"iteration":914,"passed_time":0.225262158,"remaining_time":0.02092599282},
{"learn":[3.164689733],"iteration":915,"passed_time":0.2254464315,"remaining_time":0.0206741269},
{"learn":[3.163311455],"iteration":916,"passed_time":0.2256254972,"remaining_time":0.02042193704},
{"learn":[3.159425016],"iteration":917,"passed_time":0.2257933416,"remaining_time":0.02016890415},
{"learn":[3.159327058],"iteration":918,"passed_time":0.2259574266,"remaining_time":0.0199157253},
{"learn":[3.15819426],"iteration":919,"passed_time":0.2261895246,"remaining_time":0.01966865431},
{"learn":[3.157086603],"iteration":920,"passed_time":0.2264578354,"remaining_time":0.01942472204},
{"learn":[3.153354154],"iteration":921,"passed_time":0.2266341424,"remaining_time":0.01917295348},
{"learn":[3.153261317],"iteration":922,"passed_time":0.2267937048,"remaining_time":0.01891995154},
{"learn":[3.153168454],"iteration":923,"passed_time":0.2269865247,"remaining_time":0.01866988731},
{"learn":[3.152080399],"iteration":924,"passed_time":0.2271669893,"remaining_time":0.01841894508},
{"learn":[3.151635144],"iteration":925,"passed_time":0.2273462047,"remaining_time":0.01816805523},
{"learn":[3.147762655],"iteration":926,"passed_time":0.2275132665,"remaining_time":0.01791636295},
{"learn":[3.147172317],"iteration":927,"passed_time":0.2277156163,"remaining_time":0.01766759092},
{"learn":[3.146254125],"iteration":928,"passed_time":0.2278965918,"remaining_time":0.01741728527},
{"learn":[3.144869828],"iteration":929,"passed_time":0.2280679959,"remaining_time":0.01716640829},
{"learn":[3.143466218],"iteration":930,"passed_time":0.2282487083,"remaining_time":0.01691639191},
{"learn":[3.141919643],"iteration":931,"passed_time":0.2284239599,"remaining_time":0.01666612583},
{"learn":[3.141054135],"iteration":932,"passed_time":0.228595137,"remaining_time":0.01641572795},
{"learn":[3.139390417],"iteration":933,"passed_time":0.2287660456,"remaining_time":0.01616548074},
{"learn":[3.139025283],"iteration":934,"passed_time":0.2289589439,"remaining_time":0.01591693193},
{"learn":[3.137824183],"iteration":935,"passed_time":0.2291823556,"remaining_time":0.01567058842},
{"learn":[3.135620453],"iteration":936,"passed_time":0.2293704112,"remaining_time":0.01542191665},
{"learn":[3.13443178],"iteration":937,"passed_time":0.2295562765,"remaining_time":0.01517322936},
{"learn":[3.132765713],"iteration":938,"passed_time":0.2297681176,"remaining_time":0.01492636334},
{"learn":[3.131434124],"iteration":939,"passed_time":0.2299572609,"remaining_time":0.01467812303},
{"learn":[3.128384262],"iteration":940,"passed_time":0.2301359754,"remaining_time":0.01442935446},
{"learn":[3.128120455],"iteration":941,"passed_time":0.2303112811,"remaining_time":0.01418052474},
{"learn":[3.126314615],"iteration":942,"passed_time":0.2305094048,"remaining_time":0.0139332302},
{"learn":[3.125409666],"iteration":943,"passed_time":0.2306807568,"remaining_time":0.01368445168},
{"learn":[3.123072589],"iteration":944,"passed_time":0.2308614071,"remaining_time":0.01343637819},
{"learn":[3.122921099],"iteration":945,"passed_time":0.2310350101,"remaining_time":0.01318804497},
{"learn":[3.122182662],"iteration":946,"passed_time":0.2312375269,"remaining_time":0.01294148778},
{"learn":[3.120040951],"iteration":947,"passed_time":0.2314227993,"remaining_time":0.0126940776},
{"learn":[3.118767799],"iteration":948,"passed_time":0.2316034215,"remaining_time":0.01244654847},
{"learn":[3.118203218],"iteration":949,"passed_time":0.2317890932,"remaining_time":0.01219942596},
{"learn":[3.116343362],"iteration":950,"passed_time":0.2319550386,"remaining_time":0.01195141629},
{"learn":[3.11480829],"iteration":951,"passed_time":0.2321604807,"remaining_time":0.01170557046},
{"learn":[3.112607903],"iteration":952,"passed_time":0.2323327148,"remaining_time":0.01145817166},
{"learn":[3.111661241],"iteration":953,"passed_time":0.2325209072,"remaining_time":0.01121169993},
{"learn":[3.110249676],"iteration":954,"passed_time":0.2327029311,"remaining_time":0.01096505958},
{"learn":[3.107333579],"iteration":955,"passed_time":0.2328734331,"remaining_time":0.01071802412},
{"learn":[3.107149851],"iteration":956,"passed_time":0.2330350441,"remaining_time":0.01047074911},
{"learn":[3.106867336],"iteration":957,"passed_time":0.2332201188,"remaining_time":0.01022468162},
{"learn":[3.10364681],"iteration":958,"passed_time":0.2333974692,"remaining_time":0.009978411091},
{"learn":[3.102703811],"iteration":959,"passed_time":0.2335683691,"remaining_time":0.00973201538},
{"learn":[3.101469264],"iteration":960,"passed_time":0.2337437136,"remaining_time":0.009485957158},
{"learn":[3.09863569],"iteration":961,"passed_time":0.233923176,"remaining_time":0.009240208614},
{"learn":[3.09645939],"iteration":962,"passed_time":0.2340952899,"remaining_time":0.008994315395},
{"learn":[3.096240186],"iteration":963,"passed_time":0.2342671881,"remaining_time":0.008748567191},
{"learn":[3.094838828],"iteration":964,"passed_time":0.2344655883,"remaining_time":0.008503933253},
{"learn":[3.094176802],"iteration":965,"passed_time":0.2346397982,"remaining_time":0.008258543622},
{"learn":[3.093182279],"iteration":966,"passed_time":0.2348115282,"remaining_time":0.008013216577},
{"learn":[3.090150687],"iteration":967,"passed_time":0.2349979838,"remaining_time":0.00776852839},
{"learn":[3.088612829],"iteration":968,"passed_time":0.235160549,"remaining_time":0.007523196099},
{"learn":[3.087153684],"iteration":969,"passed_time":0.2353649555,"remaining_time":0.007279328521},
{"learn":[3.085866843],"iteration":970,"passed_time":0.2355350983,"remaining_time":0.007034518898},
{"learn":[3.082669094],"iteration":971,"passed_time":0.2356991252,"remaining_time":0.006789686734},
{"learn":[3.081047548],"iteration":972,"passed_time":0.2358721325,"remaining_time":0.006545269865},
{"learn":[3.079684322],"iteration":973,"passed_time":0.2360672608,"remaining_time":0.006301590123},
{"learn":[3.07613431],"iteration":974,"passed_time":0.2362390515,"remaining_time":0.006057411577},
{"learn":[3.074005935],"iteration":975,"passed_time":0.2364294461,"remaining_time":0.005813838839},
{"learn":[3.072988853],"iteration":976,"passed_time":0.236602975,"remaining_time":0.005569977916},
{"learn":[3.072344268],"iteration":977,"passed_time":0.2367755229,"remaining_time":0.005326238757},
{"learn":[3.070654438],"iteration":978,"passed_time":0.2369425133,"remaining_time":0.005082525821},
{"learn":[3.069724506],"iteration":979,"passed_time":0.2371122106,"remaining_time":0.004839024707},
{"learn":[3.067763166],"iteration":980,"passed_time":0.2372991263,"remaining_time":0.004596007544},
{"learn":[3.066737893],"iteration":981,"passed_time":0.2374846571,"remaining_time":0.004353079255},
{"learn":[3.065248174],"iteration":982,"passed_time":0.237668331,"remaining_time":0.004110235632},
{"learn":[3.063186837],"iteration":983,"passed_time":0.2378504022,"remaining_time":0.003867486215},
{"learn":[3.062880371],"iteration":984,"passed_time":0.238056857,"remaining_time":0.003625231325},
{"learn":[3.061288645],"iteration":985,"passed_time":0.2382760132,"remaining_time":0.003383229396},
{"learn":[3.059970575],"iteration":986,"passed_time":0.2384884806,"remaining_time":0.003141185661},
{"learn":[3.059576341],"iteration":987,"passed_time":0.2387086571,"remaining_time":0.00289929543},
{"learn":[3.058175919],"iteration":988,"passed_time":0.2389061898,"remaining_time":0.002657197258},
{"learn":[3.056830702],"iteration":989,"passed_time":0.2391072302,"remaining_time":0.002415224548},
{"learn":[3.056336579],"iteration":990,"passed_time":0.2393038776,"remaining_time":0.002173294549},
{"learn":[3.055810414],"iteration":991,"passed_time":0.2395117236,"remaining_time":0.001931546158},
{"learn":[3.055476518],"iteration":992,"passed_time":0.2397187556,"remaining_time":0.001689860311},
{"learn":[3.053331734],"iteration":993,"passed_time":0.2399198788,"remaining_time":0.001448208524},
{"learn":[3.050890374],"iteration":994,"passed_time":0.2401243674,"remaining_time":0.001206655113},
{"learn":[3.04972623],"iteration":995,"passed_time":0.24034007,"remaining_time":0.0009652211648},
{"learn":[3.047217327],"iteration":996,"passed_time":0.2405437353,"remaining_time":0.0007238026138},
{"learn":[3.047155483],"iteration":997,"passed_time":0.2407411325,"remaining_time":0.0004824471594},
{"learn":[3.04430671],"iteration":998,"passed_time":0.2409523186,"remaining_time":0.0002411935121},
{"learn":[3.042664195],"iteration":999,"passed_time":0.2411697894,"remaining_time":0}
]}