{
"meta":{"test_sets":[],"test_metrics":[],"learn_metrics":[{"best_value":"Min","name":"RMSE"}],"launch_mode":"Train","parameters":"","iteration_count":100,"learn_sets":["learn"],"name":"experiment"},
"iterations":[
{"learn":[14.005006],"iteration":0,"passed_time":0.001109878038,"remaining_time":0.1098779258},
{"learn":[13.14441192],"iteration":1,"passed_time":0.001947690113,"remaining_time":0.09543681552},
{"learn":[12.34258257],"iteration":2,"passed_time":0.002692841167,"remaining_time":0.08706853106},
{"learn":[11.64527793],"iteration":3,"passed_time":0.003567627104,"remaining_time":0.08562305048},
{"learn":[11.02766183],"iteration":4,"passed_time":0.004548556234,"remaining_time":0.08642256845},
{"learn":[10.43485794],"iteration":5,"passed_time":0.005381256972,"remaining_time":0.08430635923},
{"learn":[9.890641275],"iteration":6,"passed_time":0.006167605996,"remaining_time":0.08194105108},
{"learn":[9.492161212],"iteration":7,"passed_time":0.006880827191,"remaining_time":0.0791295127},
{"learn":[9.105082953],"iteration":8,"passed_time":0.007649985904,"remaining_time":0.07734985747},
{"learn":[8.674157135],"iteration":9,"passed_time":0.008472251926,"remaining_time":0.07625026733},
{"learn":[8.341743544],"iteration":10,"passed_time":0.009161769018,"remaining_time":0.07412704024},
{"learn":[8.049372916],"iteration":11,"passed_time":0.009810719061,"remaining_time":0.07194527311},
{"learn":[7.757318612],"iteration":12,"passed_time":0.01067146259,"remaining_time":0.07141671115},
{"learn":[7.522206899],"iteration":13,"passed_time":0.01159066656,"remaining_time":0.07119980887},
{"learn":[7.297756655],"iteration":14,"passed_time":0.01243259821,"remaining_time":0.07045138984},
{"learn":[7.088359431],"iteration":15,"passed_time":0.01346548478,"remaining_time":0.07069379511},
{"learn":[6.882113791],"iteration":16,"passed_time":0.01439780897,"remaining_time":0.07029518498},
{"learn":[6.704728832],"iteration":17,"passed_time":0.01524329437,"remaining_time":0.06944167437},
{"learn":[6.563881962],"iteration":18,"passed_time":0.01619588311,"remaining_time":0.06904560696},
{"learn":[6.418790279],"iteration":19,"passed_time":0.01708964349,"remaining_time":0.06835857398},
{"learn":[6.315756953],"iteration":20,"passed_time":0.01801983387,"remaining_time":0.06778889883},
{"learn":[6.210157751],"iteration":21,"passed_time":0.01898790914,"remaining_time":0.06732076876},
{"learn":[6.115058449],"iteration":22,"passed_time":0.01993252174,"remaining_time":0.06673061625},
{"learn":[6.014819884],"iteration":23,"passed_time":0.02101082853,"remaining_time":0.06653429034},
{"learn":[5.93117229],"iteration":24,"passed_time":0.02190012449,"remaining_time":0.06570037346},
{"learn":[5.844857622],"iteration":25,"passed_time":0.02268924941,"remaining_time":0.06457709446},
{"learn":[5.771145213],"iteration":26,"passed_time":0.02351938778,"remaining_time":0.06358945585},
{"learn":[5.704018229],"iteration":27,"passed_time":0.02439702736,"remaining_time":0.06273521321},
{"learn":[5.665806474],"iteration":28,"passed_time":0.02531315374,"remaining_time":0.0619735833},
{"learn":[5.616500369],"iteration":29,"passed_time":0.02635774841,"remaining_time":0.06150141295},
{"learn":[5.558023666],"iteration":30,"passed_time":0.02754110209,"remaining_time":0.06130116273},
{"learn":[5.510080976],"iteration":31,"passed_time":0.02862786305,"remaining_time":0.06083420899},
{"learn":[5.468747792],"iteration":32,"passed_time":0.02964339005,"remaining_time":0.06018506466},
{"learn":[5.429275534],"iteration":33,"passed_time":0.03073753269,"remaining_time":0.05966697522},
{"learn":[5.402117324],"iteration":34,"passed_time":0.03161924386,"remaining_time":0.05872145288},
{"learn":[5.367635151],"iteration":35,"passed_time":0.03265537952,"remaining_time":0.05805400803},
{"learn":[5.345181232],"iteration":36,"passed_time":0.03351826392,"remaining_time":0.05707163857},
{"learn":[5.319151269],"iteration":37,"passed_time":0.03483675481,"remaining_time":0.05683891574},
{"learn":[5.296134146],"iteration":38,"passed_time":0.03593894278,"remaining_time":0.05621219255},
{"learn":[5.269629003],"iteration":39,"passed_time":0.03699050805,"remaining_time":0.05548576208},
{"learn":[5.251147059],"iteration":40,"passed_time":0.03792263508,"remaining_time":0.05457159682},
{"learn":[5.248003302],"iteration":41,"passed_time":0.03836774211,"remaining_time":0.05298402482},
{"learn":[5.232376509],"iteration":42,"passed_time":0.03937844385,"remaining_time":0.05219933254},
{"learn":[5.213524255],"iteration":43,"passed_time":0.04064323296,"remaining_time":0.05172775104},
{"learn":[5.189691584],"iteration":44,"passed_time":0.04164617767,"remaining_time":0.05090088382},
{"learn":[5.166052198],"iteration":45,"passed_time":0.0423820621,"remaining_time":0.04975285551},
{"learn":[5.140406659],"iteration":46,"passed_time":0.04313985311,"remaining_time":0.0486470684},
{"learn":[5.118929684],"iteration":47,"passed_time":0.04394770174,"remaining_time":0.04761001022},
{"learn":[5.108792602],"iteration":48,"passed_time":0.04468796764,"remaining_time":0.04651196632},
{"learn":[5.098141225],"iteration":49,"passed_time":0.04541021365,"remaining_time":0.04541021365},
{"learn":[5.085926393],"iteration":50,"passed_time":0.04615393547,"remaining_time":0.04434397721},
{"learn":[5.067816804],"iteration":51,"passed_time":0.04688743833,"remaining_time":0.0432807123},
{"learn":[5.049834901],"iteration":52,"passed_time":0.04763723571,"remaining_time":0.0422443411},
{"learn":[5.03838627],"iteration":53,"passed_time":0.04837347504,"remaining_time":0.04120703429},
{"learn":[5.033534248],"iteration":54,"passed_time":0.04876494391,"remaining_time":0.03989859047},
{"learn":[5.023726885],"iteration":55,"passed_time":0.04950032465,"remaining_time":0.03889311222},
{"learn":[5.01290392],"iteration":56,"passed_time":0.05033539282,"remaining_time":0.03797231388},
{"learn":[5.005569127],"iteration":57,"passed_time":0.05133606458,"remaining_time":0.03717439159},
{"learn":[4.989969032],"iteration":58,"passed_time":0.05222841767,"remaining_time":0.03629432414},
{"learn":[4.976762446],"iteration":59,"passed_time":0.05325476516,"remaining_time":0.03550317677},
{"learn":[4.967222715],"iteration":60,"passed_time":0.05412625997,"remaining_time":0.03460531375},
{"learn":[4.954407599],"iteration":61,"passed_time":0.05507615317,"remaining_time":0.03375635194},
{"learn":[4.942125056],"iteration":62,"passed_time":0.05606318726,"remaining_time":0.03292599887},
{"learn":[4.930230716],"iteration":63,"passed_time":0.05699701509,"remaining_time":0.03206082099},
{"learn":[4.921695642],"iteration":64,"passed_time":0.05802753051,"remaining_time":0.03124559335},
{"learn":[4.906405625],"iteration":65,"passed_time":0.05898419865,"remaining_time":0.0303857993},
{"learn":[4.894330248],"iteration":66,"passed_time":0.05989227263,"remaining_time":0.02949917906},
{"learn":[4.88211557],"iteration":67,"passed_time":0.06075156869,"remaining_time":0.0285889735},
{"learn":[4.877946398],"iteration":68,"passed_time":0.06173497723,"remaining_time":0.02773600426},
{"learn":[4.863182126],"iteration":69,"passed_time":0.06267498776,"remaining_time":0.02686070904},
{"learn":[4.84646533],"iteration":70,"passed_time":0.0636414835,"remaining_time":0.02599440876},
{"learn":[4.838014752],"iteration":71,"passed_time":0.06451746841,"remaining_time":0.0250901266},
{"learn":[4.82981137],"iteration":72,"passed_time":0.06545543367,"remaining_time":0.02420954396},
{"learn":[4.817094767],"iteration":73,"passed_time":0.06637218204,"remaining_time":0.02331995585},
{"learn":[4.808314151],"iteration":74,"passed_time":0.06726774478,"remaining_time":0.02242258159},
{"learn":[4.796235023],"iteration":75,"passed_time":0.06825819908,"remaining_time":0.02155522076},
{"learn":[4.784434534],"iteration":76,"passed_time":0.06931402269,"remaining_time":0.02070418859},
{"learn":[4.774402487],"iteration":77,"passed_time":0.07076612369,"remaining_time":0.01995967591},
{"learn":[4.76731896],"iteration":78,"passed_time":0.07189787185,"remaining_time":0.01911209252},
{"learn":[4.75934113],"iteration":79,"passed_time":0.0729899294,"remaining_time":0.01824748235},
{"learn":[4.754106378],"iteration":80,"passed_time":0.07365518439,"remaining_time":0.01727714202},
{"learn":[4.744002932],"iteration":81,"passed_time":0.07433762224,"remaining_time":0.01631801464},
{"learn":[4.731700554],"iteration":82,"passed_time":0.07486948696,"remaining_time":0.0153347142},
{"learn":[4.723284153],"iteration":83,"passed_time":0.07597600803,"remaining_time":0.01447162058},
{"learn":[4.712232782],"iteration":84,"passed_time":0.07728978972,"remaining_time":0.01363937466},
{"learn":[4.703046867],"iteration":85,"passed_time":0.0782484079,"remaining_time":0.01273811291},
{"learn":[4.698601855],"iteration":86,"passed_time":0.07936569552,"remaining_time":0.01185924186},
{"learn":[4.692429407],"iteration":87,"passed_time":0.0803448089,"remaining_time":0.0109561103},
{"learn":[4.675027364],"iteration":88,"passed_time":0.08137655863,"remaining_time":0.01005777691},
{"learn":[4.662368584],"iteration":89,"passed_time":0.08242387301,"remaining_time":0.009158208112},
{"learn":[4.646206172],"iteration":90,"passed_time":0.08341513604,"remaining_time":0.00824984862},
{"learn":[4.641245848],"iteration":91,"passed_time":0.08453846203,"remaining_time":0.007351170611},
{"learn":[4.633900435],"iteration":92,"passed_time":0.08555571551,"remaining_time":0.006439677511},
{"learn":[4.624738236],"iteration":93,"passed_time":0.08663047635,"remaining_time":0.005529604874},
{"learn":[4.612798287],"iteration":94,"passed_time":0.08755658584,"remaining_time":0.00460824136},
{"learn":[4.605222001],"iteration":95,"passed_time":0.08852533295,"remaining_time":0.00368855554},
{"learn":[4.601725912],"iteration":96,"passed_time":0.08945144393,"remaining_time":0.002766539503},
{"learn":[4.59722371],"iteration":97,"passed_time":0.09037458556,"remaining_time":0.001844379297},
{"learn":[4.580235665],"iteration":98,"passed_time":0.09140262865,"remaining_time":0.0009232588752},
{"learn":[4.57591791],"iteration":99,"passed_time":0.09249287379,"remaining_time":0}
]}